iso3c,country,wb_gdp_per_capita,wb_gdp_total,wb_percent_gdp_for_research,wb_researchers_per_million_people,foreign_aid_oda,hdi_proxy_gdp,hdi_proxy_life,wb_population,area_total_km2,wb_population_density,wb_urbanisation_percent_urban,main_language_code,is_english_main,ever_colonized,n_records_gbif,biome_diversity_count,pa_coverage_pct,forest_cover_pct,mean_latitude,colonizer,wb_total_research_spending_usd,wb_total_researchers_count,open_knowledge_score
AFG,Afghanistan,NA,NA,NA,NA,3060331298.82813,2201.72290691677,66.035,42647492,643493.3496858,66.27495376731335,27.265,NA,NA,0,666300,17,NA,1.85278199408184,33.8187564261474,Never Colonized,NA,NA,NA
ALB,Albania,10011.6279856667,27177735527.5667,NA,NA,360629669.189453,21263.1545689521,79.602,2714617,28399.0033587337,95.58846011985696,65.38,NA,NA,0,26459,4,NA,28.7919708029197,41.1348736888552,Never Colonized,NA,NA,NA
DZA,Algeria,5631.17999109851,263619794506.723,0.47865,821.66519,202314987.182617,16824.4879034626,76.261,46814308,2327947.16039891,20.109695269878053,75.748,NA,NA,1,150717,10,NA,0.822088053271978,28.0559934221189,France,1261816146.40643,38465.6872775385,NA
ASM,American Samoa,NA,NA,NA,NA,NA,NA,72.852,46765,120.68079754216,387.5098686156974,87.284,NA,NA,NA,50562,1,NA,85.5,-14.3044663174587,Unknown,NA,NA,NA
AND,Andorra,49303.6733899464,4039844390.22543,NA,NA,NA,71730.668682165,84.041,81938,442.799466932664,185.0453898862986,87.747,NA,NA,0,10299,1,NA,34.0425531914894,42.5422863943124,Never Colonized,NA,NA,NA
AGO,Angola,2122.08368991872,80396942241.6233,0.03229,18.93579,147169143.676758,8046.81729875579,64.617,37885849,1252254.04024834,30.254123989479556,69.281,NA,NA,1,188054,15,NA,52.9817223871019,-12.2706139265484,Portugal,25960172.6498202,717.39848063571,NA
ATG,Antigua and Barbuda,23725.7903725506,2224814814.81481,NA,NA,NA,31601.7527146877,77.598,93772,433.799122323463,216.16456828623726,24.338,NA,NA,1,14483,3,NA,18.3029545454545,17.2771040353237,Unknown,NA,NA,NA
ARG,Argentina,13858.2039802008,633266692533.689,0.54947,1296.45435,259022705.078125,30082.3045247325,77.395,45696159,2788914.65709639,16.384925542173253,92.579,NA,NA,1,908862,19,NA,10.4008857415345,-34.6839876712258,Spain,3479610495.46486,59242.9841138417,NA
ARM,Armenia,8500.60522486719,25786585949.6346,0.18115,1039.84774,205138351.44043,21534.0305361169,77.4658536585366,3033500,29623.7398999346,102.40098010064884,63.929,NA,NA,0,66378,2,NA,11.641626848728,40.2873277734289,Never Colonized,46712400.4477631,3154.37811929,NA
ABW,Aruba,NA,NA,NA,NA,NA,44967.3445127082,76.353,107624,155.614539505209,691.6063263895558,44.474,NA,NA,NA,4396,2,NA,2.33333333333333,12.520878060142,Unknown,NA,NA,NA
AUS,Australia,64407.484256932,1752193307380.34,1.85509,4568.56658,NA,70513.4748706981,83.0512195121951,27204809,7723252.76433334,3.5224548296067946,86.75,NA,NA,1,2167383,38,NA,17.4213145571644,-25.7641815523079,Britain,32504762825.882,124286.981212683,NA
AUT,Austria,56833.1960472053,521642466921.745,3.20048,6658.54873,NA,70478.7873635411,81.5414634146342,9178482,84098.680892762,109.13942885387101,59.819,NA,NA,0,588537,4,NA,47.1720794958798,47.5922934429587,Never Colonized,16695062825.3371,61115.3696644279,NA
AZE,Azerbaijan,7283.83562954872,74315882352.9412,0.18178,1663.3395,123224662.780762,23651.5994551766,74.429,10202850,86595.7674876196,117.82157830587596,57.997,NA,NA,0,62818,4,NA,13.8329909255898,40.2866618409577,Never Colonized,135091410.941177,16970.803417575,NA
BHS,Bahamas,39455.4466548546,15832800000,NA,NA,NA,39090.1665080164,74.552,401283,12697.1257646755,31.604239214232557,83.764,NA,NA,1,121665,2,NA,50.9350649350649,24.280018782811,Britain,NA,NA,NA
BHR,Bahrain,30048.2177718844,47736702127.6596,0.10116,384.09339,NA,64171.0857359052,81.284,1588670,542.697832344822,2927.356450155458,89.999,NA,NA,1,3894,2,NA,0.911392405063291,26.0419637770137,Britain,48290447.8723405,610.1976458913,NA
BGD,Bangladesh,2593.41607390407,450119424622.389,NA,NA,5683857421.875,9147.7775066555,74.672,173562364,135955.133923042,1276.6150051990367,41.23,NA,NA,1,43631,8,NA,14.4687716063609,23.8606661365356,Britain,NA,NA,NA
BRB,Barbados,25365.7949424181,7165000000,NA,NA,NA,21336.1575553016,76.178,282467,390.155753927826,723.9852216872672,31.548,NA,NA,1,24122,1,NA,14.6511627906977,13.1814498077448,Britain,NA,NA,NA
BLR,Belarus,8316.64776291533,75961865471.9129,0.57843,1504.35265,114752738.952637,30834.1773660201,74.1837804878049,9133712,207156.210682666,44.090939730460484,81.125,NA,NA,0,18728,2,NA,43.2722345405272,53.5195205570396,Never Colonized,439386218.449186,13740.3238515368,NA
BEL,Belgium,55954.6106261018,664564181486.953,3.40544,6983.19007,NA,69059.1768269112,82.3975609756098,11876844,30699.6173709237,386.87270451939986,98.224,NA,NA,0,490620,2,NA,22.604446776415,50.6388949631126,Never Colonized,22631334462.0293,82938.2590837391,NA
BLZ,Belize,8429.67959707387,3515783328.91079,NA,NA,31858842.8497314,13823.4379513758,73.566,417072,22830.1444987579,18.26847832797078,46.838,NA,NA,1,109724,5,NA,55.4971503726436,17.1982988706373,Multiple,NA,NA,NA
BEN,Benin,1485.38018980894,21482643720.2743,NA,NA,1034930297.85156,4129.9661200142,60.774,14462724,116842.809011129,123.77932473895301,50.669,NA,NA,1,31984,4,NA,27.3603228095069,9.63561223430696,France,NA,NA,NA
BMU,Bermuda,138934.958846463,8980200000,0.22546,NA,NA,114372.049927372,82.309,64636,66.1311521749077,977.3911065249064,100,NA,NA,NA,37599,1,NA,18.5185185185185,32.313678069657,Unknown,20246758.92,NA,NA
BTN,Bhutan,NA,NA,NA,NA,156838043.212891,16253.9629503074,72.975,791524,39966.1677596639,19.804851062023776,45,NA,NA,1,35034,10,NA,71.4997378080755,27.412137795939,Britain,NA,NA,NA
BOL,Bolivia,4001.21133990795,49668296743.8495,NA,63.0569,764393493.652344,10925.2730525053,68.581,12413315,1092712.65566704,11.360090812183707,71.545,NA,NA,1,430494,15,NA,46.7283054555525,-16.6819842351507,Spain,NA,782.7451626235,NA
BIH,Bosnia and Herzegovina,8957.37294188215,28343394203.4694,0.19228,669.76765,307687896.728516,22512.434413542,77.85,3164253,51800.2901896077,61.085623042220334,50.708,NA,NA,0,24046,4,NA,42.7326171875,44.1714743328822,Never Colonized,54498678.374431,2119.31429581545,NA
BWA,Botswana,7695.2420641819,19400774882.4495,0.561,179.77334,284583099.365234,21012.1031973569,69.163,2521139,581926.304917768,4.332402537390473,73.49,NA,NA,1,52845,8,NA,26.7083090713391,-22.1652447870996,Britain,108838347.090542,453.23357863426,NA
BRA,Brazil,10280.3148624429,2179412080828.59,1.14526,903.20079,699971862.792969,21175.6186990185,75.848,211998573,8518415.1791144,24.88709091331705,88.016,NA,NA,1,8772030,48,NA,59.2704836243471,-10.6390487673327,Portugal,24959934796.8975,191477.278612473,NA
VGB,British Virgin Islands,NA,NA,NA,NA,NA,NA,77.276,39471,135.661472017199,290.9521724413834,50.171,NA,NA,NA,12522,2,NA,24.1333333333333,18.5258126951176,Unknown,NA,NA,NA
BRN,Brunei Darussalam,33417.8357740437,15463134387.2013,0.27764,506.18125,NA,85032.6008678781,75.327,462721,5684.77825323771,81.39649066108458,79.439,NA,NA,1,28462,4,NA,72.1062618595825,4.51968373655883,Unknown,42931846.3126257,234.22069418125,NA
BGR,Bulgaria,17412.4115085691,112211952703.831,0.75421,2557.19806,NA,37507.659899221,75.7073170731707,6444366,112670.100879559,57.19677136784351,77.037,NA,NA,0,130180,6,NA,35.9801031687546,42.7712410497898,Never Colonized,846313768.487564,16479.52023313,NA
BFA,Burkina Faso,987.321378101867,23250214909.5391,0.25126,46.5781,1436421997.07031,2754.71346543427,61.092,23548781,274297.331688303,85.85129448783553,33.166,NA,NA,1,41865,2,NA,22.5380116959064,12.270726248786,France,58418489.9817079,1096.8574762961,NA
BDI,Burundi,153.930217854023,2162378759.3467,0.21312,22.4816,621667724.609375,919.597971491806,63.651,14047786,27268.3313842847,515.1685228563721,15.16,NA,NA,1,38657,6,NA,10.8894080996885,-3.35921514381575,Multiple,4608461.61191969,315.8167057376,NA
CPV,Cabo Verde,5272.85253011419,2767599017.44874,0.06622,124.92558,101708351.135254,10300.4408938316,76.059,524877,3593.07634688637,146.08011334210568,68.412,NA,NA,1,41081,1,NA,11.4193548387097,15.9533055158382,Unknown,1832704.06935456,65.57056365366,NA
KHM,Cambodia,2627.8796974226,46352647034.7775,0.11823,30.38923,1581260620.11719,7430.73085709415,70.668,17638801,181769.850318879,97.03920077535541,26.035,NA,NA,1,39055,8,NA,44.825968728756,12.719494903029,France,54802734.5892174,536.02958051323,NA
CMR,Cameroon,1762.3683508844,51326764684.8595,NA,NA,940268859.863281,5405.57465742869,63.7,29123744,466925.481188235,62.3734303938301,59.892,NA,NA,1,261471,13,NA,42.9110448266379,5.6811680031629,Multiple,NA,NA,NA
CAN,Canada,54282.6176051733,2241253230970.34,1.70133,5411.82682,NA,64462.9211694495,81.6465853658537,41288599,9894148.90362396,4.173031900184673,81.98,NA,NA,1,2218823,45,NA,39.4701279256318,60.4177669843847,Multiple,38131113594.4677,223446.747428425,NA
CYM,Cayman Islands,NA,NA,NA,NA,NA,86689.2088816431,80.358,74457,301.981606124244,246.56137489833148,100,NA,NA,NA,13274,2,NA,52.75,19.4298043928056,Unknown,NA,NA,NA
CAF,Central African Republic,516.170424537757,2751544520.37918,NA,NA,737595642.089844,1257.09435709914,57.408,5330690,622374.719765527,8.565081181331207,44.13,NA,NA,1,46555,6,NA,35.7523516003724,6.57229916426693,France,NA,NA,NA
TCD,Chad,1016.08880662712,20625711664.6472,0.3005,56.72121,1137950195.3125,2931.57900890409,55.069,20299123,1273840.84897393,15.935368234070058,24.691,NA,NA,1,21262,7,NA,3.33650992693774,15.2753594097694,France,61980263.5522648,1151.39081849883,NA
CHL,Chile,16709.8893972307,330267137371.592,0.36041,638.83802,NA,32801.3786378418,81.167,19764771,739086.266706654,26.742170556180433,88.116,NA,NA,1,425703,12,NA,24.6807203850391,-36.0762465539058,Spain,1190315789.80095,12626.4871713934,NA
CHN,China,13303.1481543868,18743803170827.2,2.55518,1849.23669,-267158996.582031,25179.1193066383,77.953,1408975000,9392194.49430161,150.01552628140814,65.544,NA,NA,0,2096806,61,NA,23.6315548970464,36.6914066934515,Never Colonized,478937909860.342,2605528.26529275,NA
COL,Colombia,7913.98801464547,418542042920.189,0.2894,90.24729,1031310791.01563,20944.4883888657,77.725,52886363,1141985.57704875,46.31088523611218,82.652,NA,NA,1,1364137,33,NA,53.1253958539883,3.90348005339009,Spain,1211260672.21103,4772.85093870627,NA
COM,Comoros,1784.11546860293,1546164420.32442,NA,NA,166350936.889648,3902.7466596027,66.777,866628,1589.52687664517,545.2112906886426,30.418,NA,NA,1,18001,1,NA,17.4529822675981,-11.877908568326,France,NA,NA,NA
COD,Democratic Republic of the Congo,647.435704836002,70749355652.1207,0.40638,10.10515,4347290527.34375,1616.46849175601,61.895,109276265,2339854.21739177,46.70216810422061,48.055,NA,NA,1,602280,19,NA,55.1615535607949,-2.86548803140688,Unknown,287511231.499088,1104.25304926475,NA
COG,Republic of Congo,2482.24894743495,15719985776.3966,0.38339,126.96941,377500213.623047,6850.27770621099,65.772,6332961,347650.698608557,18.216448364255125,69.638,NA,NA,1,50206,5,NA,64.2196193265007,-0.836992413922509,Unknown,60268853.4681269,804.09232172301,NA
CRI,Costa Rica,18587.1532203614,95350423176.664,0.33789,462.47421,144591003.417969,28075.1421722023,80.799,5129910,51628.7481513025,99.36150272259859,83.167,NA,NA,1,620818,7,NA,59.7579318448884,9.97613126505506,Spain,322179544.87163,2372.4510746211,NA
CIV,Cote d'Ivoire,2709.89511641252,86538413923.3943,0.06975,NA,2376327392.57813,7227.02911717075,61.944,31934230,323018.436860642,98.86194209334622,53.644,NA,NA,1,132677,6,NA,8.5654927672956,7.62587836831142,Unknown,60360543.7115675,NA,NA
HRV,Croatia,23931.4528382746,92526176108.621,1.40323,2534.42425,NA,45602.8206836116,78.4731707317073,3866300,54542.1723384422,70.88643217232053,58.945,NA,NA,0,91842,4,NA,34.6963902787706,45.0758927694846,Never Colonized,1298355061.009,9798.844477775,NA
CUB,Cuba,NA,NA,0.36012,1968.33703,167148452.758789,NA,78.085,10979783,109541.120131636,100.23435023126979,77.657,NA,NA,1,326586,6,NA,31.233140655106,21.6379353401667,Spain,NA,21611.9134602645,NA
CUW,Curacao,NA,NA,NA,NA,NA,30715.5728889069,76.8,155900,430.63850900145,362.0205735002558,89.033,NA,NA,NA,15508,2,NA,0.157657657657658,12.1955184113464,Unknown,NA,NA,NA
CYP,Cyprus,38654.16796875,36333022329.4981,0.74527,1727.63497,NA,57213.62109375,81.648,1358282,5720.92898530238,237.42332818490806,67.082,NA,NA,1,68077,1,NA,18.6699134199134,34.9170873380788,Britain,270779115.51505,2346.61548232154,NA
CZE,Czechia,31706.6234229743,345036675975.047,1.9642,4696.68437,NA,53217.2191709182,79.8780487804878,10882164,78657.8671774883,138.34806854659354,74.738,NA,NA,0,189633,4,NA,34.7066980208929,49.7379966812804,Never Colonized,6777210389.50187,51110.0895705767,NA
DNK,Denmark,71851.7562131368,429457372071.869,2.89051,8735.60064,NA,73737.4475447105,81.8536585365854,5976992,42512.2429664655,140.5946048227747,88.626,NA,NA,0,845481,2,NA,15.7345,55.9749821709948,Never Colonized,12413508285.4746,52212.6151404749,NA
DJI,Djibouti,3496.47111876763,4086402718.86834,NA,NA,222374710.083008,7264.04490470983,65.987,1168722,21752.6330779312,53.727840478572176,78.732,NA,NA,1,5055,3,NA,0.253377911993098,11.7483067155296,France,NA,NA,NA
DMA,Dominica,10405.2787777582,688881481.481481,NA,NA,52636611.9384766,20285.9821663707,71.132,66205,699.382102070206,94.66213076375546,72.312,NA,NA,1,43286,2,NA,63.8266666666667,15.4394350091859,Multiple,NA,NA,NA
DOM,Dominican Republic,10875.6618443092,124282245638.568,NA,20.03771,663396301.269531,25839.9356687607,73.72,11427557,48698.1389035675,234.66106215329813,85.011,NA,NA,1,184226,5,NA,44.6530791098888,18.8951155530384,Spain,NA,228.98207317447,NA
ECU,Ecuador,6874.705739766,124676074700,0.43839,400.26149,554708068.847656,15918.5162948773,77.392,18135478,256239.116841957,70.77560297394245,65.029,NA,NA,1,648028,11,NA,50.0626509904977,-1.42410985165357,Spain,546567443.87733,7258.93344614222,NA
EGY,Egypt,3338.47371395895,389059911003.566,1.03356,845.3181,480069641.113281,18524.8392997937,71.633,116538258,1005831.19137677,115.86264076826231,43.258,NA,NA,1,176288,12,NA,0.0451855944547692,26.4598029034498,Britain,4021167616.16846,98511.8988298698,NA
SLV,El Salvador,5579.65969165029,35364960000,0.1428,57.61826,498810394.287109,12679.5768752061,72.099,6338193,20437.3703693427,310.1276184487841,75.996,NA,NA,1,56320,5,NA,27.9623552123552,13.7398637238293,Spain,50501162.88,365.19565220418,NA
GNQ,Equatorial Guinea,6745.40013244916,12765777677.0622,NA,NA,11663417.8161621,17411.500234384,63.707,1892516,26703.3579841963,70.87183571145012,74.874,NA,NA,1,45545,4,NA,86.9896613190731,1.70540563315078,Multiple,NA,NA,NA
ERI,Eritrea,NA,NA,NA,NA,129190628.051758,NA,68.624,3535603,123954.936080523,28.523293317687802,43.911,NA,NA,1,18126,6,NA,8.68225472898591,15.3611244617467,Multiple,NA,NA,NA
EST,Estonia,31170.0915091887,42764929169.3258,1.78205,4654.85436,NA,46790.2700170266,78.490243902439,1371986,45554.3404632875,30.11756917226562,70.019,NA,NA,0,784748,1,NA,57.0385964912281,58.6729024249373,Never Colonized,762092420.26197,6386.39501395896,NA
SWZ,Eswatini,3936.10969242371,4891883720.15742,0.26754,137.91577,110430183.410645,11322.2286283713,64.123,1242822,17030.0853222834,72.9780254461674,25.013,NA,NA,1,16286,3,NA,28.9982558139535,-26.5575464893393,Britain,13087745.7049092,171.40475310294,NA
ETH,Ethiopia,NA,NA,0.27437,89.03843,5401845703.125,3060.9050300376002,67.315,132059767,1134318.061809,116.42216715600233,23.661,NA,NA,0,245362,11,NA,15.0601822445542,8.61440065046903,Never Colonized,NA,11758.3943198458,NA
FRO,Faroe Islands,NA,NA,NA,NA,NA,78165.1753811838,83.1439024390244,54719,1037.56561890264,52.73786930013394,43.206,NA,NA,NA,25873,1,NA,0.0583941605839416,62.0522625084493,Unknown,NA,NA,NA
FJI,Fiji,6288.39867264416,5840564072.77313,NA,NA,190190093.994141,15152.1377770174,67.316,928784,18447.7450307305,50.346749613723475,59.192,NA,NA,1,149596,2,NA,62.7640941434045,-17.4275460095832,Britain,NA,NA,NA
FIN,Finland,53188.6186245158,299835625550.781,2.96469,8073.14567,NA,61612.9423925582,81.6853658536585,5637214,331232.397144355,17.0189089249722,85.872,NA,NA,0,502423,3,NA,73.7264996576714,64.2551360000276,Never Colonized,8889196807.14145,45510.0497949634,NA
FRA,France,46150.4876861593,3162079073495.78,2.23312,5181.84576,NA,58317.828030698,82.9292682926829,68516699,NA,NA,82.044,NA,NA,0,2755757,NA,NA,32.1669913721124,NA,Never Colonized,70613020206.049,355042.966202346,NA
PYF,French Polynesia,NA,NA,NA,NA,NA,NA,84.07,281807,2620.58750099638,107.53581015434648,62.42,NA,NA,NA,179860,3,NA,43.0596369922213,-14.7131078768822,Unknown,NA,NA,NA
GAB,Gabon,8218.76307061848,20867044935.6729,NA,NA,53148811.340332,20757.0723768613,68.337,2538952,261246.365202686,9.718611771039086,91.307,NA,NA,1,90625,4,NA,91.2745760080723,-0.586446577901781,France,NA,NA,NA
GMB,Gambia,908.525674150965,2507519958.34857,0.06933,50.8608,343857177.734375,3254.37457760999,65.86,2759988,10336.6848059325,267.0090122527456,65.08,NA,NA,1,14615,3,NA,23.4123814229249,13.4509534899632,Britain,1738463.58712306,140.3751976704,NA
GEO,Georgia,9193.66366361489,33776141250.5716,0.25283,1768.16486,365216949.462891,25071.9677264107,74.496,3673850,69460.5759120515,52.89115374815921,61.162,NA,NA,0,78539,4,NA,40.6159159591308,42.1729419848756,Never Colonized,85396217.9238202,6495.972470911,NA
DEU,Germany,55800.2194549412,4659929336890.62,3.13236,5787.44181,NA,68692.894466622,80.5414634146342,83510950,356962.181393857,233.94901295680268,77.895,NA,NA,0,2053311,5,NA,32.6826755201923,51.050577200392,Never Colonized,145965762577.027,483314.76362282,NA
GHA,Ghana,2405.79466378083,82825288888.9734,0.37655,87.47972,1571978515.625,7556.41605453234,65.498,34427414,240102.209662357,143.38649381200383,59.854,NA,NA,1,86600,5,NA,35.1286771589176,7.94769971258465,Multiple,311878625.311429,3011.70053704408,NA
GIB,Gibraltar,NA,NA,NA,NA,NA,NA,83.553,39329,NA,NA,100,NA,NA,NA,1822,NA,NA,0,NA,Unknown,NA,NA,NA
GRC,Greece,24752.1068401681,257144811301.673,1.48596,4926.78077,NA,41181.9912164324,81.5365853658537,10388805,130457.980265793,79.63334231324151,80.984,NA,NA,0,360648,6,NA,30.2699767261443,39.0479596036559,Never Colonized,3821069038.01834,51183.3646972799,NA
GRL,Greenland,NA,NA,NA,NA,NA,78840.5978395988,71.549756097561,56836,2159634.7862199,0.026317412723047703,88.149,NA,NA,NA,274373,3,NA,5.3599707637958e-4,73.0812153456909,Unknown,NA,NA,NA
GRD,Grenada,11871.6117006031,1391435992.59259,NA,NA,38494625.0915527,19010.1841441188,75.205,117207,286.714055163376,408.7940506900259,37.267,NA,NA,1,14721,3,NA,52.0588235294118,12.1172424375073,Multiple,NA,NA,NA
GUM,Guam,NA,NA,NA,NA,NA,NA,77.209,167777,483.194273582474,347.2247275533223,95.24,NA,NA,NA,28737,1,NA,51.8518518518518,13.4416293842567,Unknown,NA,NA,NA
GTM,Guatemala,6150.02597767851,113199586004.477,0.05863,14.52588,447018524.169922,13745.3625933533,72.602,18406359,108724.463345349,169.29362936043762,53.542,NA,NA,1,291058,12,NA,32.812616648003,15.6901195768513,Spain,66368917.2744249,267.36856207092,NA
GIN,Guinea,1717.02318120779,25334307878.737,NA,NA,531753295.898438,4333.74617312626,60.74,14754785,245474.11400427,60.107295059809616,38.517,NA,NA,1,55826,5,NA,25.0244180367898,10.4373187488031,France,NA,NA,NA
GNB,Guinea-Bissau,962.983627901892,2119865935.24909,NA,NA,188911605.834961,2907.14089122524,64.085,2201352,32127.5411478255,68.51915588158838,45.893,NA,NA,1,14018,2,NA,70.1127311522048,12.0477507880705,Portugal,NA,NA,NA
GUY,Guyana,29883.6341152001,24835899825.8993,NA,NA,139789916.992188,54729.0365156366,70.18,831087,212422.536378843,3.912423861269623,27.316,NA,NA,1,172701,8,NA,87.1750179975372,4.78964290760043,Multiple,NA,NA,NA
HTI,Haiti,2142.62330526788,25224154990.7946,NA,NA,1077659423.82813,3281.21232071515,64.936,11772557,26865.0603818259,438.21070314675654,60.472,NA,NA,1,94347,5,NA,12.4887518142235,18.9345751364595,France,NA,NA,NA
HND,Honduras,3426.43483328923,37093565854.0437,0.05997,187.83669,550766601.5625,7178.33906781522,72.884,10825703,113769.909134136,95.1543609588048,60.818,NA,NA,1,127881,7,NA,56.6476896952364,14.8290802781538,Spain,22245011.44267,2033.46421844307,NA
HKG,"Hong Kong SAR, China",54107.034521746,407106738445.069,1.10339,5273.74369,NA,71505.8515687194,85.2473170731707,7524100,1031.22789613952,7296.253357930909,100,NA,NA,NA,NA,1,NA,NA,22.398260914216,Unknown,4491975041.32905,39680.174897929,NA
HUN,Hungary,23310.7512733957,222904723252.11,1.39473,4725.1504,NA,45367.5983545254,76.7707317073171,9562314,93167.1230077541,102.63614128348848,73.179,NA,NA,0,164911,1,NA,22.4803495507342,47.1659125111368,Never Colonized,3108919046.61415,45183.3718220256,NA
ISL,Iceland,82703.8579937471,33462807982.85,2.6004,6863.54747,NA,76666.6420841189,82.6073170731707,404610,101387.007543915,3.9907480238505544,94.094,NA,NA,0,94508,2,NA,0.515719527918278,64.9978841276929,Never Colonized,870166858.786031,2777.0599418367,NA
IND,India,2696.66389984463,3912686168582.21,0.64558,259.26325,2376562011.71875,10323.4998734428,72.003,1450935791,3162896.29955248,458.7364407759096,36.867,NA,NA,1,NA,48,NA,24.3596944695764,22.7766430396087,Britain,25259519367.133,376174.328715981,NA
IDN,Indonesia,4925.43048751861,1396300098190.97,0.28068,395.34168,1155079467.77344,15415.7079259527,71.146,283487931,1876354.9601209,151.08438276611258,59.204,NA,NA,1,1571819,38,NA,48.3619448681206,-2.26406781358278,Netherlands,3919135115.60241,112074.594901264,NA
IRN,Iran (Islamic Republic of),4771.40029026226,436906331671.859,0.72665,2239.74005,240743408.203125,17659.8738760715,77.654,91567738,1626451.93994389,56.29907392354854,77.698,NA,NA,0,305168,18,NA,6.63543913713405,32.5273359415473,Never Colonized,3174779859.09356,205087.930086507,NA
IRQ,Iraq,6073.61032342708,279641257615.385,0.0407,164.28484,2007466674.80469,14652.5212399212,72.324,46042015,438435.296883341,105.0143894145705,71.853,NA,NA,1,89369,8,NA,1.90035242899592,33.0096664024512,Britain,113813991.849462,7564.0050675526,NA
IRL,Ireland,107316.337306921,577389475009.922,0.96264,5511.65804,NA,124900.938635241,82.8609756097561,5380257,68853.6151072866,78.14051581193768,64.76,NA,NA,0,95136,2,NA,11.4097837131659,53.1625330764791,Never Colonized,5558182042.23551,29654.1367513163,NA
IMN,Isle of Man,NA,NA,NA,NA,NA,NA,80.999,84160,558.608840952212,150.6599857183423,53.708,NA,NA,NA,2700,1,NA,6.07017543859649,54.2240959138743,Unknown,NA,NA,NA
ISR,Israel,54176.6844383302,540379921261.681,6.01924,NA,NA,53401.1782301902,83.1951219512195,9974400,22101.3482691828,451.30278381739674,92.946,NA,NA,1,125843,7,NA,6.46950092421442,31.4329786422529,Britain,32526764372.5516,NA,NA
ITA,Italy,40226.0472416173,2372774547793.12,1.39014,2795.53412,NA,57893.4083587152,83.7,58986023,300957.352027645,195.99462383155782,72.292,NA,NA,0,754610,9,NA,32.5308994748357,42.7156861458039,Never Colonized,32984888098.6913,164897.439899605,NA
JAM,Jamaica,7019.74634780454,19930288337.028,NA,NA,86414985.6567383,11466.9713343644,71.479,2839175,10956.745471085,259.1257602444651,57.762,NA,NA,1,259102,3,NA,55.4730655586334,18.1574508726766,Multiple,NA,NA,NA
JPN,Japan,32475.8924992191,4026210821146.81,3.40537,5629.79566,NA,49896.6436902018,84.0412195121951,123975371,370923.239652953,334.23457402128565,92.134,NA,NA,0,5227396,9,NA,68.4087791495199,37.4608804755929,Never Colonized,137107375440.087,697956.00560269,NA
JOR,Jordan,4618.09592498567,53352289577.4648,0.69547,576.00927,2834251464.84375,10411.8416152967,77.814,11552876,89059.0009162866,129.72159895280473,92.206,NA,NA,1,29657,6,NA,1.09804716534901,31.2387026418374,Britain,371049168.324394,6654.56367116052,NA
KAZ,Kazakhstan,14005.3487362345,288406138230.669,0.14472,693.05803,79082290.6494141,38515.1836010946,74.402,20592571,2718847.35683119,7.574007767762509,58.387,NA,NA,0,130878,19,NA,1.29048383153684,48.361670914496,Never Colonized,417381363.247424,14271.8466898951,NA
KEN,Kenya,2206.1349785176,124498691699.125,0.80874,200.85225,2595822998.04688,6307.23249419302,63.646,56432944,596152.324075353,94.66195420361548,30.049,NA,NA,1,368519,13,NA,6.21662477880402,0.599448836506536,Britain,1006870719.2475,11334.683776524,NA
KIR,Kiribati,2288.63458265531,307862546.789627,NA,NA,98323959.3505859,3485.558083114,66.473,134518,939.730988685511,143.1452209404766,58.448,NA,NA,1,16885,3,NA,1.45679012345679,0.892900808860091,Britain,NA,NA,NA
PRK,"Korea, Dem. People's Rep.",NA,NA,NA,NA,14424407.0053101,NA,73.642,26498823,122770.031109061,215.84113615203168,63.503,NA,NA,0,30593,4,NA,49.9044929823104,40.1400742728793,Never Colonized,NA,NA,NA
KOR,"Korea, Rep.",NA,NA,5.21081,9434.7613,NA,52203.9685660494,83.4292682926829,51751065,97362.4271907465,531.5301445660602,81.498,NA,NA,0,2384679,3,NA,64.3135245901639,36.3733672273297,Never Colonized,NA,488258.945295785,NA
KWT,Kuwait,32213.8622292316,160227273001.348,0.0976,159.38516,NA,53025.4711387824,83.1878048780488,4973861,17368.6011863324,286.3708451037498,100,NA,NA,1,8835,2,NA,0.350729517396184,29.3332785751823,Britain,156381818.449316,792.75963130276,NA
KGZ,Kyrgyz Republic,2419.26553574523,17478259659.2625,0.05876,NA,440522277.832031,7298.08612561933,72.2487804878049,7224614,199094.948957491,36.28727919934592,38.166,NA,NA,0,35924,8,NA,6.95318039624609,41.4743103595432,Never Colonized,10270225.3757826,NA,NA
LAO,Lao PDR,2123.97909411797,16502933121.0806,NA,NA,514838562.011719,9291.78859001138,68.964,7769819,229459.540530332,33.8613900387067,38.906,NA,NA,1,67595,9,NA,71.7547660311958,18.4874182025194,Unknown,NA,NA,NA
LVA,Latvia,23367.5986788961,43520773851.1219,0.76382,2270.07923,NA,41810.0065349083,75.6780487804878,1862441,64405.3548647813,28.917486813172367,68.815,NA,NA,0,43587,1,NA,54.8716053350474,56.8595216457842,Never Colonized,332420374.829639,4227.88863120043,NA
LBN,Lebanon,NA,NA,NA,NA,1747103271.48438,12574.8329116403,77.817,5805962,10034.4652600742,578.6020330451638,89.603,NA,NA,1,47967,2,NA,14.069403714565,33.9215988682258,France,NA,NA,NA
LSO,Lesotho,971.814620468788,2271541845.62002,0.05101,23.73201,172315887.451172,2880.96631005119,57.375,2337423,30094.793699951,77.66868327141269,30.897,NA,NA,1,15600,2,NA,1.13702239789196,-29.5790637000742,Britain,1158713.49545077,55.47174601023,NA
LBR,Liberia,846.277368387389,4750000000,NA,NA,562641967.773438,1794.53340863362,62.163,5612817,95879.3747436547,58.540400529379305,54.077,NA,NA,0,67037,4,NA,78.7705564784053,6.45195766531815,Never Colonized,NA,NA,NA
LBY,Libya,6318.40314031017,46636278901.9016,NA,NA,359675231.933594,13848.7950025506,69.339,7381023,1630146.58162673,4.527827793641997,81.907,NA,NA,1,29236,9,NA,0.123327687918433,27.0167163927208,Multiple,NA,NA,NA
LIE,Liechtenstein,NA,NA,5.86833,18129.75165,NA,NA,84.8414634146342,40197,138.275214506868,290.70285765496646,14.707,NA,NA,0,1018,2,NA,41.875,47.136626593863,Never Colonized,NA,728.76162707505,NA
LTU,Lithuania,29386.2878350187,84869215513.3648,1.05319,4153.6584,NA,50914.8638146665,76.9878048780488,2888055,64663.1052309198,44.66310409446631,68.936,NA,NA,0,31209,2,NA,35.1807490816164,55.3237700619849,Never Colonized,893834090.865207,11995.993910412,NA
LUX,Luxembourg,137516.587324367,93197329011.7078,0.97653,4879.24254,NA,142424.729887278,83.3585365853659,677717,2617.75502915702,258.8924450345688,92.266,NA,NA,0,13531,1,NA,34.4538272103664,49.7667823716718,Never Colonized,910099876.99803,3306.74561648118,NA
MAC,"Macao SAR, China",73046.8890267079,50183212761.3484,0.26378,3826.96528,NA,116491.377161798,83.1804878048781,687000,22.7908744411478,30143.643754170986,100,NA,NA,NA,NA,1,NA,NA,22.2231175543113,Unknown,132373278.621885,2629.12514736,NA
MDG,Madagascar,544.997302693127,17420814800.7045,0.01275,32.94427,1253593261.71875,1808.44779037914,63.632,31964956,595923.203375134,53.63938812746319,41.231,NA,NA,1,482947,7,NA,21.3416925060158,-19.3164836985714,France,2221153.88708982,1053.06214100212,NA
MWI,Malawi,508.371273531708,11008925322.5134,NA,50.11331,1731495849.60938,1829.5076892538,67.353,21655286,120062.219016993,180.36719775215067,18.598,NA,NA,1,149111,8,NA,23.3315655494272,-13.2044253711777,Britain,NA,1085.21806045666,NA
MYS,Malaysia,11867.2586435443,421972102253.57,0.95055,711.51035,6578659.05761719,36416.5401853099,76.657,35557673,328379.480428225,108.282262197476,79.201,NA,NA,1,702741,12,NA,58.0243189773246,3.81114043306724,Multiple,4011055817.97131,25299.6523614156,NA
MDV,Maldives,13215.5353637008,6975146349.42592,NA,NA,200507659.912109,24735.0754339022,81.041,527799,66.5607824932679,7929.579254170919,42.407,NA,NA,1,11142,1,NA,2.73333333333333,3.72846117440526,Britain,NA,NA,NA
MLI,Mali,1086.1762176779,26588067731.1692,0.17385,28.66941,1292478637.69531,3168.41334714498,60.439,24478595,1261023.40349276,19.411689689659706,46.934,NA,NA,1,32963,5,NA,10.896663634352,17.315139014512,France,46223355.7506377,701.78687627895,NA
MLT,Malta,42347.3073860173,24322006607.9295,0.60433,2427.56223,NA,63084.7078352628,83.5073170731707,574346,274.390600549802,2093.1693682260666,95.006,NA,NA,0,20834,1,NA,1.4375,35.9214721226709,Never Colonized,146985182.5337,1394.26065655158,NA
MHL,Marshall Islands,7466.65186507409,280357844.229802,NA,NA,126128410.339355,7532.17477322204,66.945,37548,237.946075799665,157.80045909062588,79.208,NA,NA,1,54412,1,NA,52.2222222222222,7.00279122625452,Germany,NA,NA,NA
MRT,Mauritania,2082.78374423714,10766731873.5407,0.01019,NA,419490051.269531,6946.19393340541,68.484,5169395,1040668.63158046,4.967378513321053,58.458,NA,NA,1,21019,8,NA,0.298211603764432,20.2206937677679,France,1097129.9779138,NA,NA
MUS,Mauritius,11871.733679438,14952555414.8553,0.23401,852.67511,94860664.3676758,28923.352954675,73.4121951219512,1259509,1883.42884018807,668.7319282390471,40.944,NA,NA,1,54325,1,NA,19.4341512268403,-20.2776195850018,Multiple,34990474.9263029,1073.95197512099,NA
MEX,Mexico,14157.9445835849,1852722885258.11,0.26819,272.31856,451662292.480469,24854.5822142309,75.069,130861007,1966673.32027895,66.53926996957424,81.862,NA,NA,1,3585092,45,NA,33.727204917822,23.9241551848632,Spain,4968817505.97373,35635.8809863899,NA
FSM,"Micronesia, Fed. Sts.",4166.00476748564,471425099.488675,NA,NA,125806556.70166,4233.1340493282,67.198,113160,525.251692493464,215.4395723368528,23.555,NA,NA,1,44962,2,NA,92.0714285714286,7.53089208957801,Unknown,NA,NA,NA
MDA,Moldova,7617.51613089815,18200340853.6517,0.22342,717.41595,1051385864.25781,17746.940549966,71.198,2389275,33191.1527202911,71.98529741147975,43.599,NA,NA,0,15055,3,NA,11.7512921860748,47.1871728367014,Never Colonized,40663201.5352286,1714.10399393625,NA
MCO,Monaco,NA,NA,NA,NA,NA,NA,86.372,38631,12.4427770204688,3104.692781719922,100,NA,NA,0,1593,1,NA,0,43.7527482412042,Never Colonized,NA,NA,NA
MNG,Mongolia,6691.48209834228,23586055802.4517,0.08365,535.37392,260169830.322266,18004.8512058355,72.1224390243902,3524788,1563902.29699621,2.2538415646361454,69.263,NA,NA,0,155512,17,NA,9.09894465963877,46.9562038905525,Never Colonized,19729735.6787508,1887.07956872896,NA
MNE,Montenegro,12935.4522712126,8069536125.80285,0.36328,764.41883,92358413.6962891,30601.4282509021,77.5878048780488,623831,13697.243754408,45.54427235035814,68.84,NA,NA,0,13572,3,NA,61.4869888475836,42.7880033111823,Never Colonized,29315010.8378166,476.86816313773,NA
MAR,Morocco,3993.38745117188,154430996472.752,0.66036,1083.42555,771669433.59375,9842.888671875,75.313,38081173,583706.192460372,65.24031009416667,65.643,NA,NA,1,221524,8,NA,12.8903354246023,29.7668591371828,Multiple,1019800528.30747,41258.1158021701,NA
MOZ,Mozambique,647.28579950207,22416650343.4786,0.30814,44.41136,2927378417.96875,1677.6810229235,63.611,34631766,792438.646902725,43.70277261887656,39.326,NA,NA,1,110190,13,NA,46.412173122409,-17.19585753703,Portugal,69074666.368395,1538.04382726176,NA
MMR,Myanmar,1359.25961394135,74079772652.4286,0.02376,28.00891,1140740966.79688,5953.35735165913,66.889,54500091,664254.335828119,82.04702334694632,32.47,NA,NA,1,115180,19,NA,43.2901466284646,21.1129068888835,Unknown,17601353.982217,1526.48814381081,NA
NAM,Namibia,4413.1274418646,13372354268.5446,0.64647,224.81068,271632598.876953,11251.2370332343,67.385,3030131,826494.502387872,3.666244592366286,55.795,NA,NA,1,121271,12,NA,7.97761420641572,-22.0696900138551,Multiple,86448258.6398603,681.20581059908,NA
NRU,Nauru,13421.8330584638,160350639.549467,NA,NA,37581523.8952637,13829.9189405006,62.109,11947,27.8566792050514,428.8738048084923,100,NA,NA,1,653,0,NA,0,-0.519126378457796,Multiple,NA,NA,NA
NPL,Nepal,1447.31004458428,42914268286.7109,0.3022,NA,1173136840.82031,5395.20820077513,70.354,29651054,147523.424428489,200.9921754112558,22.366,NA,NA,0,206776,12,NA,41.5907220090687,28.2580425139521,Never Colonized,129686918.76244,NA,NA
NLD,Netherlands,68218.7261019406,1227543925316.41,2.25533,6319.17518,NA,78305.2888358968,81.9146341463415,17994237,37216.262221588,483.5046811756959,93.453,NA,NA,0,1882218,5,NA,11.001980991981,52.2269196009093,Never Colonized,27685166410.8386,113708.735833438,NA
NCL,New Caledonia,NA,NA,NA,NA,NA,NA,78.766,292639,18708.0659575107,15.642397277443566,73.106,NA,NA,NA,347235,2,NA,45.8380743982495,-21.3008860680882,Unknown,NA,NA,NA
NZL,New Zealand,48747.0136853042,260235932558.996,1.46569,5094.76159,NA,53854.1996319825,83.0048780487805,5338500,267464.32130641,19.959671532728123,87.091,NA,NA,1,669549,12,NA,37.6306509437545,-41.7023337271842,Britain,3814252039.92395,27198.384748215,NA
NIC,Nicaragua,2847.53966339498,19693982967.5926,0.10742,NA,581782470.703125,8319.97944140996,74.947,6916140,129534.474028318,53.392272998213876,60.155,NA,NA,1,98912,9,NA,27.4848761841449,12.8449927207592,Spain,21155276.503788,NA,NA
NER,Niger,722.748650326257,19537639288.0633,NA,26.93895,1282570190.42969,1875.15306770628,61.183,27032412,1187697.314999,22.760354560558017,17.232,NA,NA,1,23065,6,NA,0.842567300860504,17.4120079629507,France,NA,728.2247952474,NA
NGA,Nigeria,806.945695055244,187759703099.801,0.28444,22.12011,3596401367.1875,6207.42137845067,54.462,232679478,913593.750886198,254.68593428347975,55.03,NA,NA,1,215500,14,NA,23.5664876972232,9.59094557009618,Britain,534063699.497074,5146.89564810258,NA
MKD,North Macedonia,9310.02790015256,16685236492.0675,0.39502,922.47062,414461212.158203,24390.4603774085,75.3160975609756,1792179,25420.8176848104,70.5004466111597,59.868,NA,NA,0,21541,4,NA,39.7101506740682,41.5951915583577,Never Colonized,65910021.190965,1653.23247328098,NA
MNP,Northern Mariana Islands,NA,NA,NA,NA,NA,NA,78.808,44278,394.415404834979,112.26234943466686,92.171,NA,NA,NA,15436,1,NA,52.9565217391304,15.8171139961348,Unknown,NA,NA,NA
NOR,Norway,86809.7246897431,483727398216.364,1.55752,7394.79171,NA,100437.326744584,83.1121951219512,5572272,NA,NA,84.318,NA,NA,0,1262459,NA,NA,33.4581491750625,NA,Never Colonized,7534150972.69951,41205.7907914651,NA
OMN,Oman,20248.4168124608,106942782834.85,0.36729,655.14938,NA,41851.1879601007,80.031,5281538,312767.395813154,16.886472409532,88.998,NA,NA,0,36903,9,NA,0.00786203554119548,20.585775129520002,Never Colonized,392790147.074121,3460.19634614644,NA
PAK,Pakistan,1484.74985864775,373071855731.539,0.16375,473.71632,3963701660.15625,6036.64192512134,67.649,251269164,875728.495388159,286.92587408455535,38.365,NA,NA,1,159037,19,NA,4.7796803652968,29.8839453542285,Britain,610905163.760395,119030.303699556,NA
PLW,Palau,NA,NA,NA,NA,28785337.4481201,17531.6926506844,69.269,17695,341.314030460898,51.84375214844031,82.839,NA,NA,1,41720,1,NA,90.195652173913,7.28668473745095,Multiple,NA,NA,NA
PAN,Panama,19102.8521936399,86260400000,0.15791,253.27142,410184387.207031,39803.3189532897,79.594,4515577,74409.6203039286,60.685392312929075,69.888,NA,NA,1,476648,9,NA,56.6517026152602,8.52023299495937,Spain,136213797.64,1143.66659890934,NA
PNG,Papua New Guinea,3076.48786186584,32538480023.9998,0.03158,33.15884,691091125.488281,4667.83567092991,66.134,10576502,465327.91457697,22.729137171181975,13.88,NA,NA,1,611888,16,NA,79.1022170207128,-6.46858138976355,Britain,10275651.9915791,350.70453757768,NA
PRY,Paraguay,6416.09709002917,44458118399.6669,0.11944,133.19638,223693115.234375,17564.4912369379,73.844,6929153,401803.252371403,17.245139154809788,63.489,NA,NA,1,227173,7,NA,39.8261432167128,-23.2089093391522,Spain,53100776.6165621,922.93809606614,NA
PER,Peru,8452.37167047598,289221969059.853,0.16178,NA,586267578.125,17011.2278028825,77.74,34217848,1299180.74608753,26.338019635102132,79.139,NA,NA,1,776100,17,NA,56.373072890625,-9.10714962725944,Spain,467903301.54503,NA,NA
PHL,Philippines,3984.8315387656,461617509782.355,0.32222,170.21271,1842688842.77344,10985.8292627505,69.833,115843670,290958.931098502,398.1444032758767,48.614,NA,NA,1,968330,10,NA,24.226045544488,11.7293432309907,Spain,1487423940.0207,19718.0650070457,NA
POL,Poland,25022.6716445953,914696430325.391,1.45383,3721.07204,NA,46757.5401841254,78.5073170731707,36554707,313244.120459278,116.69718475929749,60.33,NA,NA,0,1206081,4,NA,31.0192747468148,52.111835612144,Never Colonized,13298131112.9996,136022.698148092,NA
PRT,Portugal,28844.4979246799,308683317392.68,1.70179,5686.65428,NA,47426.4880861568,82.2804878048781,10701636,90961.9202458961,117.64962713045652,68.423,NA,NA,0,400403,6,NA,36.154994891142,39.6062103081133,Never Colonized,5253141827.05689,60856.5041624021,NA
PRI,Puerto Rico (US),39285.0174585856,125841500000,0.42883,332.37777,NA,47433.2376274594,81.69,3203295,8963.46293965216,357.3724822166006,93.664,NA,NA,NA,NA,3,NA,56.011273957159,18.2285799360889,Unknown,539646104.45,1064.70404875215,NA
QAT,Qatar,76275.9076782833,217982967032.967,0.68058,947.77921,NA,128918.549293382,82.368,2857822,11099.2305698653,257.4792893985878,99.387,NA,NA,1,9512,2,NA,0,25.3048623561995,Britain,1483548477.03297,2708.58427748062,NA
ROU,Romania,20072.4079244042,382767571329.158,0.45881,998.72545,NA,45776.8376387185,76.6073170731707,19069340,236299.022669768,80.70003753951084,54.88,NA,NA,0,137646,6,NA,30.1158292767733,45.8484139836604,Never Colonized,1756175894.01531,19045.035172703,NA
RUS,Russian Federation,14889.0185546875,2173835806671.66,0.92527,2683.9498,NA,44268.73046875,73.2546341463415,143533851,16913027.0709674,8.486585541294831,75.548,NA,NA,0,961511,50,NA,49.7843605035639,66.0317219336462,Never Colonized,20113850568.3909,385237.65068468,NA
RWA,Rwanda,999.654561402699,14251642231.4932,0.79445,133.11989,1387333129.88281,3399.45174603143,67.785,14256567,25442.410804109,560.3465453713033,18.081,NA,NA,1,60527,3,NA,11.2282124037292,-1.99032494977322,Multiple,113222171.708098,1897.83263081763,NA
WSM,Samoa,4898.77140817676,1068025243.63929,NA,NA,117172477.722168,7037.08661727446,71.698,218019,2707.79999878681,80.51517840966105,17.42,NA,NA,1,39096,1,NA,57.9820143884892,-13.7534008838267,Multiple,NA,NA,NA
SMR,San Marino,NA,NA,NA,NA,NA,NA,85.706,33977,68.4119821637373,496.65276352729285,97.932,NA,NA,0,720,1,NA,16.6666666666667,43.9418652353314,Never Colonized,NA,NA,NA
STP,Sao Tome and Principe,3244.82899741459,764274042.735043,NA,NA,86840171.8139648,6149.98146081928,69.718,235536,988.068139195344,238.3803208064316,77.014,NA,NA,1,15731,1,NA,53.4166666666667,0.443840091854791,Unknown,NA,NA,NA
SAU,Saudi Arabia,35057.2252306969,1237529866666.67,0.56486,1120.62603,NA,71564.800028565,78.732,35300280,1930156.69709156,18.288815645482007,85.171,NA,NA,0,58143,14,NA,0.454484134921779,24.0865579850414,Never Colonized,6990311204.85335,39558.4126342884,NA
SEN,Senegal,1743.98888384359,32267254425.052,0.5772,572.42133,1859611206.05469,4777.61451861578,68.683,18501984,197769.670812215,93.55319207447074,50.08,NA,NA,1,79345,4,NA,41.6982288474523,14.3648110931751,Multiple,186246592.5414,10590.9302889187,NA
SRB,Serbia,13523.7246826854,89083506277.2344,0.95005,2515.31463,578221740.722656,28748.3832904482,76.2209756097561,6587202,77663.5360393995,84.81717851036612,57.371,NA,NA,0,18723,4,NA,32.3812581757641,44.2113198308083,Never Colonized,846337851.386865,16568.8855613653,NA
SYC,Seychelles,17858.8226383978,2167239562.46013,0.2017,NA,NA,31780.7838341965,74.9585365853659,121354,174.759691111725,694.4049810800913,59.242,NA,NA,1,61521,1,NA,73.2608695652174,-4.66098975230178,Multiple,4371322.19748208,NA,NA
SLE,Sierra Leone,873.388575182318,7547843281.27425,NA,NA,497800445.556641,3371.34754178798,61.786,8642022,72036.8265931586,119.96672269875836,44.779,NA,NA,1,69248,4,NA,34.8455250761984,8.56249232471683,Britain,NA,NA,NA
SGP,Singapore,90674.066632628,547386645891.847,2.15626,7916.99926,NA,143786.136293013,82.8951219512195,6036860,486.043825268768,12420.402618347827,100,NA,NA,1,60035,1,NA,21.4345403899721,1.35876224004016,Britain,11803079290.7075,47793.8161527236,NA
SXM,Sint Maarten (Dutch part),40027.9175992113,1735210227.92581,NA,NA,NA,49826.1146271296,76.371,43350,41.9285640881088,1033.9013735100536,100,NA,NA,NA,NA,1,NA,10.8823529411765,18.0508225284733,Unknown,NA,NA,NA
SVK,Slovakia,26147.9028430133,141775733420.114,0.97939,3387.47411,NA,43949.8572125349,78.0170731707317,5422069,48447.5065970192,111.91636847485563,54.172,NA,NA,0,195787,2,NA,40.05615640599,48.7112808109013,Never Colonized,1388537355.54325,18367.1183601336,NA
SVN,Slovenia,34089.3527652778,72485008929.2766,2.09525,5370.37458,NA,53952.2047300024,81.9780487804878,2126324,20239.5135250542,105.05805870125556,56.438,NA,NA,0,156548,5,NA,61.3711140025029,46.1158904765915,Never Colonized,1518742149.59067,11419.1563584439,NA
SLB,Solomon Islands,2149.37957267304,1760767447.17461,NA,NA,243661376.953125,2800.82371820652,70.528,819198,25797.0221548759,31.755525699122728,26.488,NA,NA,1,112244,2,NA,90.1121829224723,-8.92311716500907,Multiple,NA,NA,NA
SOM,"Somalia, Fed. Rep.",636.983477589273,12108515109.9996,NA,NA,2281094970.70313,1556.52308834052,58.816,19009151,474661.282388522,40.04782295354888,48.519,NA,NA,1,39400,8,NA,9.40996907578028,4.73940622189411,Unknown,NA,NA,NA
ZAF,South Africa,6253.37158194543,400260724226.067,0.61729,444.16281,1506946411.13281,15194.1991759502,66.139,64007187,1224403.19974491,52.27623303609068,69.298,NA,NA,1,1276234,19,NA,14.0250847010527,-28.9742085144411,Multiple,2470769424.57509,28429.6120381155,NA
SSD,South Sudan,NA,NA,NA,NA,1791723999.02344,NA,57.617,11943408,625360.445397128,19.098438489206774,21.56,NA,NA,0,4595,6,NA,11.3256215087114,7.30869694542136,Never Colonized,NA,NA,NA
ESP,Spain,35297.0094995565,1722745978335.16,1.43532,3387.49657,NA,53229.922021795,83.8829268292683,48807137,507303.236608419,96.20899982089729,81.802,NA,NA,0,3220457,10,NA,37.1727521093233,40.2076539840155,Never Colonized,24726917576.2402,165334.00917902,NA
LKA,Sri Lanka,4515.56787322732,98963185509.6499,0.10506,94.4866,827259826.660156,14455.6544414734,77.483,21916000,66196.8445338634,331.0731826316696,19.416,NA,NA,1,240523,4,NA,34.1070158422244,7.61103818451618,Multiple,103970722.696438,2070.7683256,NA
KNA,St. Kitts and Nevis,22771.4168922033,1066681481.48148,NA,NA,NA,34367.8026558315,72.145,46843,233.460944583147,200.64597992456459,31.221,NA,NA,1,7556,3,NA,42.3076923076923,17.2645786417283,Unknown,NA,NA,NA
LCA,St. Lucia,14181.6303351598,2549062962.96296,NA,NA,35849578.8574219,25974.5092925263,72.697,179744,552.621143421295,325.2571895588345,19.306,NA,NA,1,10876,3,NA,34.0491803278688,13.8947729972689,Multiple,NA,NA,NA
MAF,St. Martin (French part),NA,NA,NA,NA,NA,NA,80.224,26129,49.1181159909229,531.9625859597032,NA,NA,NA,NA,NA,1,NA,24.8,18.0888907769359,Unknown,NA,NA,NA
VCT,St. Vincent and the Grenadines,11501.2265187188,1157207407.40741,NA,NA,21283740.9973145,19819.869034679,71.23,100616,311.787988338069,322.70646645599106,54.725,NA,NA,1,17263,4,NA,73.1794871794872,13.2246770305567,Unknown,NA,NA,NA
SDN,Sudan,989.312866210938,49909807029.6996,NA,NA,1390063232.42188,2420.65795898438,66.331,50448963,1867226.68709158,27.01812444560765,36.752,NA,NA,1,86699,10,NA,9.73608137044968,15.9679661095596,Britain,NA,NA,NA
SUR,Suriname,7430.70219176443,4714267822.2233,NA,NA,43524604.7973633,21135.5456365134,73.631,634431,145900.343571519,4.348385921990703,66.533,NA,NA,1,201348,7,NA,94.6001457500987,4.12984828785449,Netherlands,NA,NA,NA
SWE,Sweden,57723.2345031532,610117791237.089,3.40822,8623.7461,NA,67258.8461000938,83.309756097561,10569709,443967.503900134,23.80739335007174,88.976,NA,NA,0,2538197,4,NA,68.6996660773915,62.3836560742429,Never Colonized,20794156584.500702,91150.4867668849,NA
CHE,Switzerland,103669.872008144,936564198048.516,3.30645,6021.39855,NA,90505.997877357,84.0560975609756,9034102,41299.2481749183,218.7473719070401,74.327,NA,NA,0,625552,3,NA,32.2086033202538,46.7988964271967,Never Colonized,30967026926.3752,54397.9286833521,NA
SYR,Syrian Arab Republic,NA,NA,0.07306,139.93785,9206277343.75,4650.06687798544,72.12,24672760,186389.082541258,132.37234533057259,58.044,NA,NA,1,66087,4,NA,2.84310842454937,35.0167773258703,Unknown,NA,3452.652987966,NA
TJK,Tajikistan,1341.20229027672,14204575548.5536,0.08969,NA,530799865.722656,4963.58295264504,71.79,10590927,142612.882549112,74.26346632011153,28.523,NA,NA,0,47077,8,NA,3.0607392463434002,38.5365490307173,Never Colonized,12740083.8094977,NA,NA
TZA,Tanzania,1185.74548339844,78779864877.3018,0.51456,19.31703,3056842041.01563,4018.5166015625,66.995,68560157,947902.771181531,72.3282588514241,38.136,NA,NA,1,513154,18,NA,51.1131180853466,-6.26824779010462,Multiple,405369672.712644,1324.37860957371,NA
THA,Thailand,7345.13569000377,526411265427.683,1.15902,1863.07585,84968795.7763672,23519.2120979823,76.412,71668011,516871.545423363,138.65729625587656,54.32,NA,NA,0,498126,15,NA,38.8283192076572,15.0825849519536,Never Colonized,6101211848.55993,133522.940511634,NA
TLS,Timor-Leste,1343.14886031844,1881265333.4187,NA,NA,259935394.287109,4806.14014290568,67.689,1400638,15054.3760851251,93.03859502911845,32.842,NA,NA,1,3950,1,NA,61.8493611297915,-8.82932165792304,Portugal,NA,NA,NA
TGO,Togo,1043.14092889765,9925732119.72034,0.19074,41.39064,615510925.292969,3071.51216831953,62.739,9515236,57267.3949333293,166.1545109757068,45.064,NA,NA,1,39419,3,NA,22.1788931788932,8.52077978482272,Multiple,18932341.4451546,393.84170779104,NA
TON,Tonga,NA,NA,NA,NA,129549209.594727,7852.76498057614,72.895,104175,432.625112931241,240.79739452516938,23.21,NA,NA,1,28952,1,NA,12.4305555555556,-20.4205127569074,Britain,NA,NA,NA
TTO,Trinidad and Tobago,19314.7163432664,26428963758.1307,0.0478,492.71552,NA,34620.3860516966,73.49,1368333,5113.75068082187,267.57913817184465,53.562,NA,NA,1,115508,3,NA,44.3996101364522,10.4571725744873,Unknown,12633044.6763865,674.19890562816,NA
TUN,Tunisia,4350.3717971875,53409988744.5968,0.74658,1703.91532,1225880737.30469,14009.5192313256,76.508,12277109,157008.576133803,78.19387515200077,70.88,NA,NA,1,86316,6,NA,4.53308444902163,34.0889554864525,France,398748293.969411,20919.1541104099,NA
TUR,Turkiye,15473.2872636856,1323254808058.74,1.32343,2478.67633,1550410644.53125,42326.1644386964,77.156,85518661,781555.470777113,109.42110214514581,77.893,NA,NA,0,506012,14,NA,29.0741785013578,39.137013310438,Never Colonized,17512351106.2918,211973.080793994,NA
TKM,Turkmenistan,8571.60702949432,64239891739.3311,0.14,NA,36352214.8132324,19828.9248461199,70.073,7494498,471682.073463362,15.888876049435313,54.524,NA,NA,0,31439,8,NA,8.78215904496414,39.1254707099273,Never Colonized,89935848.4350636,NA,NA
TCA,Turks and Caicos Islands,37506.7798431288,1745378000,NA,NA,NA,35336.7403511449,78.008,46535,330.967578550697,140.6028959204288,94.433,NA,NA,NA,6321,2,NA,11.0736842105263,21.830621867995202,Unknown,NA,NA,NA
TUV,Tuvalu,NA,NA,NA,NA,68341110.2294922,6151.01047041608,67.105,9646,10.2737566007137,938.8970728905442,66.928,NA,NA,1,2657,0,NA,33.3333333333333,-8.50345059320317,Britain,NA,NA,NA
UGA,Uganda,1072.71369837695,53651874313.9836,0.3109,12.44448,2256590576.17188,3097.63702430619,68.252,50015092,243097.438324,205.74092571613176,27.389,NA,NA,1,179877,8,NA,11.4534375623379,1.27423154739338,Britain,166803677.242175,622.41181209216,NA
UKR,Ukraine,5389.47314453125,190741263731.535,0.32653,586.07925,38935210937.5,17665.34375,73.422,37860221,571431.815599071,66.25501060053604,70.284,NA,NA,0,202181,5,NA,16.7345529858474,49.1956082317395,Never Colonized,622827448.462581,22189.0899285143,NA
ARE,United Arab Emirates,49377.5643384379,537078829135.466,1.49469,2606.78477,NA,76110.3848420758,82.909,10876981,71434.7356268405,152.26459375196654,88.008,NA,NA,1,13039,6,NA,4.46775556181357,23.905320327121,Britain,8027663551.2049,28353.9484143794,NA
GBR,United Kingdom,52636.7865943853,3643834188782.91,2.89711,4472.69458,NA,57915.4940036535,81.2380975609756,69226000,240147.733803169,288.26422345812904,84.884,NA,NA,0,1673416,4,NA,13.2214553796553,54.0116497461288,Never Colonized,105565884666.649,309626.75499508,NA
USA,United States,85809.9003846356,29184890000000,3.58623,4825.1804,NA,82304.6204272866,78.3853658536585,340110988,9460566.77246044,35.9503818513345,83.515,NA,NA,1,39330129,92,NA,33.8669264120375,44.7437315908213,Britain,1046637280647,1641096.87312224,NA
URY,Uruguay,23906.5133029408,80961511073.5797,0.62592,902.41575,NA,34470.9322201143,78.138,3386588,177959.9299811,19.03005918444488,95.852,NA,NA,1,86468,4,NA,11.7243743572163,-32.791340912445,Multiple,506754290.11175,3056.110349961,NA
UZB,Uzbekistan,3161.70010632875,114965293466.611,0.12527,542.07268,1200078857.42188,11106.9715934767,72.388,36361859,448373.148071346,81.09731627865911,50.626,NA,NA,0,50764,8,NA,8.43180461723851,41.7754007525036,Never Colonized,144017023.125624,19710.7703579121,NA
VUT,Vanuatu,3542.81071592874,1161251868.03498,NA,NA,150053588.867188,3460.93371368124,71.477,327777,11317.0886449824,28.963014277114887,26.147,NA,NA,1,44126,1,NA,36.2838392124692,-16.2169690328556,Multiple,NA,NA,NA
VEN,Venezuela,NA,NA,0.69,179.95961,405295074.462891,NA,72.514,28405543,916363.285632472,30.998124265088332,88.505,NA,NA,1,560650,25,NA,52.3477807380534,7.12227407747028,Spain,NA,5111.85044011823,NA
VNM,Viet Nam,4717.29028732449,476388230307.175,0.42494,767.88667,831187988.28125,15033.8768594355,74.588,100987686,329674.5733666,306.3253710127688,40.195,NA,NA,1,260166,14,NA,46.9611618580284,16.5442975147679,Unknown,2024364145.86731,77547.0979135456,NA
VIR,Virgin Islands (U.S.),NA,NA,NA,NA,NA,NA,80.519512195122,104377,316.52373821965,329.7604172978904,96.314,NA,NA,NA,46766,3,NA,57.3142857142857,17.9545678607673,Unknown,NA,NA,NA
PSE,West Bank and Gaza,2592.30591217647,13711100000,0.45434,584.35347,3623873046.875,5950.02006184393,65.17,5289152,6347.4923594308,833.2663830845942,77.877,NA,NA,NA,16191,4,NA,1.68298755186722,31.9152202984207,Unknown,62295011.74,3090.73432455744,NA
YEM,Yemen,NA,NA,NA,NA,4146491699.21875,NA,69.295,40583164,455155.849792642,89.16322621908235,40.477,NA,NA,1,57568,12,NA,1.03983180862549,15.91728068186,Britain,NA,NA,NA
ZMB,Zambia,1235.08466482514,26325775287.0226,NA,NA,1421932006.83594,4076.99508686641,66.349,21314956,757286.698218899,28.146481445048128,46.914,NA,NA,1,172193,9,NA,60.0301501230848,-13.4555254933089,Britain,NA,NA,NA
ZWE,Zimbabwe,2656.40937654332,44187704410.1191,NA,95.1253,791534362.792969,3820.35992188998,62.775,16634373,391057.021039387,42.536950125042246,32.67,NA,NA,1,220641,8,NA,44.9748222825385,-18.9970468090672,Britain,NA,1582.3497219369,NA
