iso3c,country,wb_gdp_per_capita,wb_gdp_total,wb_research_gdp_pct,wb_researchers_per_million_people,wb_total_researchers_count,wb_total_research_spending_usd,foreign_aid_oda,hdi_proxy_gdp,hdi_proxy_life,wb_population,area_total_km2,wb_population_density,wb_urbanisation_pct_urban,main_language,main_religion,main_religion_pct,atheists_non_religious_pct,atheist_count,ever_colonized,colonizer,n_records_gbif,biome_diversity_count,forest_cover_pct,mean_latitude,endemic_tetrapods_total,terrestrial_protected_area_pct,is_main_english_spanish_arabic
AFG,Afghanistan,NA,NA,NA,NA,NA,NA,3060331299,2201.722907,66.035,42647492,643493.3497,66.27495377,27.265,Farsi,Muslims,99.86196899,0.008456565,3304,0,Never Colonized,754473,17,1.852781994,33.81875643,7,3.6,No
ALB,Albania,10011.62799,27177735528,NA,NA,NA,NA,360629669.2,21263.15457,79.602,2714617,28399.00336,95.58846012,65.38,Albanian,Muslims,74.50722504,7.652887344,219787,0,Never Colonized,181826,4,28.7919708,41.13487369,0,18.6,No
DZA,Algeria,5631.179991,2.6362E+11,0.47865,821.66519,38465.68728,1261816146,202314987.2,16824.4879,76.261,46814308,2327947.16,20.10969527,75.748,Arabic,Muslims,98.38234711,1.266207099,557664,1,France,522250,10,0.822088053,28.05599342,NA,4.6,Yes
ASM,American Samoa,NA,NA,NA,NA,NA,NA,NA,NA,72.852,46765,120.6807975,387.5098686,87.284,Samoan,NA,NA,NA,NA,NA,Unknown,993061,1,85.5,-14.30446632,0,16.7,No
AND,Andorra,49303.67339,4039844390,NA,NA,NA,NA,NA,71730.66868,84.041,81938,442.7994669,185.0453899,87.747,Catalan,NA,NA,NA,NA,0,Never Colonized,182752,1,34.04255319,42.54228639,0,26.9,No
AGO,Angola,2122.08369,80396942242,0.03229,18.93579,717.3984806,25960172.65,147169143.7,8046.817299,64.617,37885849,1252254.04,30.25412399,69.281,Portuguese,Christians,93.04470825,6.114808083,2045473,1,Portugal,438238,15,52.98172239,-12.27061393,75,10.7,No
ATG,Antigua and Barbuda,23725.79037,2224814815,NA,NA,NA,NA,NA,31601.75271,77.598,93772,433.7991223,216.1645683,24.338,English,NA,NA,NA,NA,1,Unknown,124608,3,18.30295455,17.27710404,10,19.9,Yes
ARG,Argentina,13858.20398,6.33267E+11,0.54947,1296.45435,59242.98411,3479610495,259022705.1,30082.30452,77.395,45696159,2788914.657,16.38492554,92.579,Spanish,Christians,88.45394135,9.232909203,4172533,1,Spain,18640875,19,10.40088574,-34.68398767,340,8.7,Yes
ARM,Armenia,8500.605225,25786585950,0.18115,1039.84774,3154.378119,46712400.45,205138351.4,21534.03054,77.46585366,3033500,29623.7399,102.4009801,63.929,Armenian,Christians,97.31269073,1.177880645,34051,0,Never Colonized,321201,2,11.64162685,40.28732777,1,24.7,No
ABW,Aruba,NA,NA,NA,NA,NA,NA,NA,44967.34451,76.353,107624,155.6145395,691.6063264,44.474,Papiamento,Christians,81.42006683,5.873986721,6309,NA,Unknown,325882,2,2.333333333,12.52087806,2,18.9,No
AUS,Australia,64407.48426,1.75219E+12,1.85509,4568.56658,124286.9812,32504762826,NA,70513.47487,83.05121951,27204809,7723252.764,3.52245483,86.75,English,Christians,46.75042343,42.34402084,10900956,1,Britain,237524185,38,17.42131456,-25.76418155,1774,20.4,Yes
AUT,Austria,56833.19605,5.21642E+11,3.20048,6658.54873,61115.36966,16695062825,NA,70478.78736,81.54146341,9178482,84098.68089,109.1394289,59.819,German,Christians,68.19069672,22.39739227,1998162,0,Never Colonized,17582568,4,47.1720795,47.59229344,0,29.5,No
AZE,Azerbaijan,7283.83563,74315882353,0.18178,1663.3395,16970.80342,135091410.9,123224662.8,23651.59946,74.429,10202850,86595.76749,117.8215783,57.997,Azerbaijani,Muslims,94.72725677,4.759952545,484646,0,Never Colonized,332023,4,13.83299093,40.28666184,0,10.2,No
BHS,Bahamas,39455.44665,15832800000,NA,NA,NA,NA,NA,39090.16651,74.552,401283,12697.12576,31.60423921,83.764,English,Christians,97.58940125,1.856881499,7351,1,Britain,1233746,2,50.93506494,24.28001878,36,36.6,Yes
BHR,Bahrain,30048.21777,47736702128,0.10116,384.09339,610.1976459,48290447.87,NA,64171.08574,81.284,1588670,542.6978323,2927.35645,89.999,Arabic,Muslims,74.02146912,0.320074171,4747,1,Britain,31501,2,0.911392405,26.04196378,0,13,Yes
BGD,Bangladesh,2593.416074,4.50119E+11,NA,NA,NA,NA,5683857422,9147.777507,74.672,173562364,135955.1339,1276.615005,41.23,Bangla,Muslims,91.06732178,0,0,1,Britain,917156,8,14.46877161,23.86066614,2,4.6,No
BRB,Barbados,25365.79494,7.17E+09,NA,NA,NA,NA,NA,21336.15756,76.178,282467,390.1557539,723.9852217,31.548,English,Christians,77.34906769,20.13895226,56731,1,Britain,208686,1,14.65116279,13.18144981,6,1.3,Yes
BLR,Belarus,8316.647763,75961865472,0.57843,1504.35265,13740.32385,439386218.4,114752739,30834.17737,74.18378049,9133712,207156.2107,44.09093973,81.125,Russian,Christians,85.13063812,13.77174568,1287788,0,Never Colonized,706185,2,43.27223454,53.51952056,0,13.8,No
BEL,Belgium,55954.61063,6.64564E+11,3.40544,6983.19007,82938.25908,22631334462,NA,69059.17683,82.39756098,11876844,30699.61737,386.8727045,98.224,Dutch,Christians,50.97150421,38.98344803,4498732,0,Never Colonized,44012142,2,22.60444678,50.63889496,0,15.6,No
BLZ,Belize,8429.679597,3515783329,NA,NA,NA,NA,31858842.85,13823.43795,73.566,417072,22830.1445,18.26847833,46.838,English,Christians,74.36605072,15.62960529,61082,1,Multiple,7879355,5,55.49715037,17.19829887,2,37.5,Yes
BEN,Benin,1485.38019,21482643720,NA,NA,NA,NA,1034930298,4129.96612,60.774,14462724,116842.809,123.7793247,50.669,French,Christians,53.23115921,4.885910034,638597,1,France,1163908,4,27.36032281,9.635612234,2,29.6,No
BMU,Bermuda,138934.9588,8980200000,0.22546,NA,NA,20246758.92,NA,114372.0499,82.309,64636,66.13115217,977.3911065,100,English,NA,NA,NA,NA,NA,Unknown,730832,1,18.51851852,32.31367807,6,2.1,Yes
BTN,Bhutan,NA,NA,NA,NA,NA,NA,156838043.2,16253.96295,72.975,791524,39966.16776,19.80485106,45,Tshangla,Buddhists,74.73525238,0.043676686,336,1,Britain,773242,10,71.49973781,27.4121378,3,49.7,No
BOL,Bolivia,4001.21134,49668296744,NA,63.0569,782.7451626,NA,764393493.7,10925.27305,68.581,12413315,1092712.656,11.36009081,71.545,Spanish,Christians,88.92559814,9.547657967,1128180,1,Spain,2979265,15,46.72830546,-16.68198424,138,30.9,Yes
BIH,Bosnia and Herzegovina,8957.372942,28343394203,0.19228,669.76765,2119.314296,54498678.37,307687896.7,22512.43441,77.85,3164253,51800.29019,61.08562304,50.708,Bosnian,NA,NA,NA,NA,0,Never Colonized,131114,4,42.73261719,44.17147433,0,4.1,No
BWA,Botswana,7695.242064,19400774882,0.561,179.77334,453.2335786,108838347.1,284583099.4,21012.1032,69.163,2521139,581926.3049,4.332402537,73.49,Setswana,Christians,82.29058838,14.72220898,348312,1,Britain,1432558,8,26.70830907,-22.16524479,1,29.1,No
BRA,Brazil,10280.31486,2.17941E+12,1.14526,903.20079,191477.2786,24959934797,699971862.8,21175.6187,75.848,211998573,8518415.179,24.88709091,88.016,Portuguese,Christians,80.65506744,13.47328377,28113467,1,Portugal,42489064,48,59.27048362,-10.63904877,1583,30.6,No
VGB,British Virgin Islands,NA,NA,NA,NA,NA,NA,NA,NA,77.276,39471,135.661472,290.9521724,50.171,English,NA,NA,NA,NA,NA,Unknown,86779,2,24.13333333,18.5258127,7,9.1,Yes
BRN,Brunei Darussalam,33417.83577,15463134387,0.27764,506.18125,234.2206942,42931846.31,NA,85032.60087,75.327,462721,5684.778253,81.39649066,79.439,Malay,NA,NA,NA,NA,1,Unknown,91140,4,72.10626186,4.519683737,0,46.9,No
BGR,Bulgaria,17412.41151,1.12212E+11,0.75421,2557.19806,16479.52023,846313768.5,NA,37507.6599,75.70731707,6444366,112670.1009,57.19677137,77.037,Bulgarian,Christians,79.49707794,10.0321579,695595,0,Never Colonized,2970806,6,35.98010317,42.77124105,0,41,No
BFA,Burkina Faso,987.3213781,23250214910,0.25126,46.5781,1096.857476,58418489.98,1436421997,2754.713465,61.092,23548781,274297.3317,85.85129449,33.166,Mossi,Muslims,67.40969849,0.575799108,123674,1,France,281341,2,22.5380117,12.27072625,0,16.4,No
BDI,Burundi,153.9302179,2162378759,0.21312,22.4816,315.8167057,4608461.612,621667724.6,919.5979715,63.651,14047786,27268.33138,515.1685229,15.16,Kirundi,Christians,94.98027802,1.25295496,158086,1,Multiple,141457,6,10.8894081,-3.359215144,2,7.6,No
CPV,Cabo Verde,5272.85253,2767599017,0.06622,124.92558,65.57056365,1832704.069,101708351.1,10300.44089,76.059,524877,3593.076347,146.0801133,68.412,Cape Verdean Creole,NA,NA,NA,NA,1,Unknown,212354,1,11.41935484,15.95330552,27,2.9,No
KHM,Cambodia,2627.879697,46352647035,0.11823,30.38923,536.0295805,54802734.59,1581260620,7430.730857,70.668,17638801,181769.8503,97.03920078,26.035,Khmer,Buddhists,97.09085846,0.079039522,13220,1,France,1198169,8,44.82596873,12.7194949,14,39.7,No
CMR,Cameroon,1762.368351,51326764685,NA,NA,NA,NA,940268859.9,5405.574657,63.7,29123744,466925.4812,62.37343039,59.892,French,Christians,69.8339386,2.079864502,545144,1,Multiple,1080615,13,42.91104483,5.681168003,111,11,No
CAN,Canada,54282.61761,2.24125E+12,1.70133,5411.82682,223446.7474,38131113594,NA,64462.92117,81.64658537,41288599,9894148.904,4.1730319,81.98,English,Christians,53.32112503,34.62942886,13218712,1,Multiple,214682993,45,39.47012793,60.41776698,5,12.8,Yes
CYM,Cayman Islands,NA,NA,NA,NA,NA,NA,NA,86689.20888,80.358,74457,301.9816061,246.5613749,100,English,NA,NA,NA,NA,NA,Unknown,440095,2,52.75,19.42980439,249,10.8,Yes
CAF,Central African Republic,516.1704245,2751544520,NA,NA,NA,NA,737595642.1,1257.094357,57.408,5330690,622374.7198,8.565081181,44.13,Sango,Christians,90.67516327,0.452453792,22743,1,France,147290,6,35.7523516,6.572299164,11,18.1,No
TCD,Chad,1016.088807,20625711665,0.3005,56.72121,1151.390818,61980263.55,1137950195,2931.579009,55.069,20299123,1273840.849,15.93536823,24.691,Arabic,Muslims,56.35778046,3.13465786,539935,1,France,95407,7,3.336509927,15.27535941,1,21,Yes
CHL,Chile,16709.8894,3.30267E+11,0.36041,638.83802,12626.48717,1190315790,NA,32801.37864,81.167,19764771,739086.2667,26.74217056,88.116,Spanish,Christians,68.32601929,30.26606369,5862725,1,Spain,20890685,12,24.68072039,-36.07624655,143,21,Yes
CHN,China,13303.14815,1.87438E+13,2.55518,1849.23669,2605528.265,4.78938E+11,-267158996.6,25179.11931,77.953,1408975000,9392194.494,150.0155263,65.544,Mandarin,Religiously_unaffiliated,89.6231308,89.6231308,1278120929,0,Never Colonized,14285649,61,23.6315549,36.69140669,566,15.6,No
COL,Colombia,7913.988015,4.18542E+11,0.2894,90.24729,4772.850939,1211260672,1031310791,20944.48839,77.725,52886363,1141985.577,46.31088524,82.652,Spanish,Christians,86.2469635,9.943602562,5034446,1,Spain,39971661,33,53.12539585,3.903480053,666,16.4,Yes
COM,Comoros,1784.115469,1546164420,NA,NA,NA,NA,166350936.9,3902.74666,66.777,866628,1589.526877,545.2112907,30.418,Comorian,Muslims,98.30000305,0.129999995,1043,1,France,55340,1,17.45298227,-11.87790857,34,33.8,No
COD,Democratic Republic of the Congo,647.4357048,70749355652,0.40638,10.10515,1104.253049,287511231.5,4347290527,1616.468492,61.895,109276265,2339854.217,46.7021681,48.055,NA,Christians,96.26151276,1.175555229,1128415,1,Unknown,1520754,19,55.16155356,-2.865488031,145,13.9,No
COG,Republic of Congo,2482.248947,15719985776,0.38339,126.96941,804.0923217,60268853.47,377500213.6,6850.277706,65.772,6332961,347650.6986,18.21644836,69.638,NA,NA,NA,NA,NA,1,Unknown,184520,5,64.21961933,-0.836992414,6,36.8,No
CRI,Costa Rica,18587.15322,95350423177,0.33789,462.47421,2372.451075,322179544.9,144591003.4,28075.14217,80.799,5129910,51628.74815,99.36150272,83.167,Spanish,Christians,87.85917664,10.09859562,508396,1,Spain,39420513,7,59.75793184,9.976131265,86,26.6,Yes
CIV,Cote d'Ivoire,2709.895116,86538413923,0.06975,NA,NA,60360543.71,2376327393,7227.029117,61.944,31934230,323018.4369,98.86194209,53.644,NA,NA,NA,NA,NA,1,Unknown,653194,6,8.565492767,7.625878368,7,23,No
HRV,Croatia,23931.45284,92526176109,1.40323,2534.42425,9798.844478,1298355061,NA,45602.82068,78.47317073,3866300,54542.17234,70.88643217,58.945,Croatian,Christians,90.85782623,6.657827854,263248,0,Never Colonized,1421099,4,34.69639028,45.07589277,0,38.5,No
CUB,Cuba,NA,NA,0.36012,1968.33703,21611.91346,NA,167148452.8,NA,78.085,10979783,109541.1201,100.2343502,77.657,Spanish,Christians,60.65393448,21.60783958,2414969,1,Spain,2475572,6,31.23314066,21.63793534,2,16.2,Yes
CUW,Curacao,NA,NA,NA,NA,NA,NA,NA,30715.57289,76.8,155900,430.638509,362.0205735,89.033,Papiamento,Christians,90.61946869,5.926228046,10965,NA,Unknown,450955,2,0.157657658,12.19551841,9,15.7,No
CYP,Cyprus,38654.16797,36333022329,0.74527,1727.63497,2346.615482,270779115.5,NA,57213.62109,81.648,1358282,5720.928985,237.4233282,67.082,Greek,Christians,67.7487793,6.57008934,85559,1,Britain,736477,1,18.66991342,34.91708734,8,38.7,No
CZE,Czechia,31706.62342,3.45037E+11,1.9642,4696.68437,51110.08957,6777210390,NA,53217.21917,79.87804878,10882164,78657.86718,138.3480685,74.738,NA,NA,NA,NA,NA,0,Never Colonized,8127396,4,34.70669802,49.73799668,0,22.2,No
DNK,Denmark,71851.75621,4.29457E+11,2.89051,8735.60064,52212.61514,12413508285,NA,73737.44754,81.85365854,5976992,42512.24297,140.5946048,88.626,Danish,Christians,76.90623474,16.63090706,969836,0,Never Colonized,66524555,2,15.7345,55.97498217,0,17,No
DJI,Djibouti,3496.471119,4086402719,NA,NA,NA,NA,222374710.1,7264.044905,65.987,1168722,21752.63308,53.72784048,78.732,Somali,Muslims,97.67207336,1.101313591,12172,1,France,40634,3,0.253377912,11.74830672,2,1.6,No
DMA,Dominica,10405.27878,688881481.5,NA,NA,NA,NA,52636611.94,20285.98217,71.132,66205,699.3821021,94.66213076,72.312,English,NA,NA,NA,NA,1,Multiple,140006,2,63.82666667,15.43943501,63,22,Yes
DOM,Dominican Republic,10875.66184,1.24282E+11,NA,20.03771,228.9820732,NA,663396301.3,25839.93567,73.72,11427557,48698.1389,234.6610622,85.011,Spanish,Christians,77.63658142,19.60108948,2157747,1,Spain,1131550,5,44.65307911,18.89511555,3,26.4,Yes
ECU,Ecuador,6874.70574,1.24676E+11,0.43839,400.26149,7258.933446,546567443.9,554708068.8,15918.51629,77.392,18135478,256239.1168,70.77560297,65.029,Spanish,Christians,88.52362061,8.391396523,1472360,1,Spain,14872538,11,50.06265099,-1.424109852,481,23.5,Yes
EGY,Egypt,3338.473714,3.8906E+11,1.03356,845.3181,98511.89883,4021167616,480069641.1,18524.8393,71.633,116538258,1005831.191,115.8626408,43.258,Arabic,Muslims,95.17256927,0.004652523,5086,1,Britain,820815,12,0.045185594,26.4598029,NA,13.1,Yes
SLV,El Salvador,5579.659692,35364960000,0.1428,57.61826,365.1956522,50501162.88,498810394.3,12679.57688,72.099,6338193,20437.37037,310.1276184,75.996,Spanish,Christians,87.10838318,11.88199902,740804,1,Spain,1487017,5,27.96235521,13.73986372,1,8.6,Yes
GNQ,Equatorial Guinea,6745.400132,12765777677,NA,NA,NA,NA,11663417.82,17411.50023,63.707,1892516,26703.35798,70.87183571,74.874,Spanish,Christians,88.68036652,4.98730135,85605,1,Multiple,161549,4,86.98966132,1.705405633,19,19.3,Yes
ERI,Eritrea,NA,NA,NA,NA,NA,NA,129190628.1,NA,68.624,3535603,123954.9361,28.52329332,43.911,Tigrigna,Muslims,51.66958237,1.061151981,34925,1,Multiple,36160,6,8.682254729,15.36112446,3,0,No
EST,Estonia,31170.09151,42764929169,1.78205,4654.85436,6386.395014,762092420.3,NA,46790.27002,78.4902439,1371986,45554.34046,30.11756917,70.019,Estonian,Christians,52.61386108,43.60287857,579774,0,Never Colonized,10213612,1,57.03859649,58.67290242,0,21.4,No
SWZ,Eswatini,3936.109692,4891883720,0.26754,137.91577,171.4047531,13087745.7,110430183.4,11322.22863,64.123,1242822,17030.08532,72.97802545,25.013,NA,Christians,93.2284317,6.155977249,73424,1,Britain,462769,3,28.99825581,-26.55754649,1,4.3,No
ETH,Ethiopia,NA,NA,0.27437,89.03843,11758.39432,NA,5401845703,3060.90503,67.315,132059767,1134318.062,116.4221672,23.661,Oromo,Christians,61.57827377,0.062328301,74119,0,Never Colonized,1314138,11,15.06018224,8.61440065,105,17,No
FRO,Faroe Islands,NA,NA,NA,NA,NA,NA,NA,78165.17538,83.14390244,54719,1037.565619,52.7378693,43.206,Faroese,NA,NA,NA,NA,NA,Unknown,358729,1,0.058394161,62.05226251,0,2.3,No
FJI,Fiji,6288.398673,5840564073,NA,NA,NA,NA,190190094,15152.13778,67.316,928784,18447.74503,50.34674961,59.192,Fijian,Christians,69.51997375,0.251333505,2300,1,Britain,499718,2,62.76409414,-17.42754601,54,5.4,No
FIN,Finland,53188.61862,2.99836E+11,2.96469,8073.14567,45510.04979,8889196807,NA,61612.94239,81.68536585,5637214,331232.3971,17.01890892,85.872,Finnish,Christians,72.28497314,25.04721832,1385014,0,Never Colonized,51039129,3,73.72649966,64.255136,0,13.4,No
FRA,France,46150.48769,3.16208E+12,2.23312,5181.84576,355042.9662,70613020206,NA,58317.82803,82.92926829,68516699,NA,NA,82.044,French,Christians,46.46761322,42.64575195,28105801,0,Never Colonized,201848252,NA,32.16699137,NA,5,28.4,No
PYF,French Polynesia,NA,NA,NA,NA,NA,NA,NA,NA,84.07,281807,2620.587501,107.5358102,62.42,French,Christians,93.44609833,5.035518169,14060,NA,Unknown,749703,3,43.05963699,-14.71310788,45,2,No
GAB,Gabon,8218.763071,20867044936,NA,NA,NA,NA,53148811.34,20757.07238,68.337,2538952,261246.3652,9.718611771,91.307,French,Christians,83.74291992,5.762040138,133826,1,France,931536,4,91.27457601,-0.586446578,13,22.4,No
GMB,Gambia,908.5256742,2507519958,0.06933,50.8608,140.3751977,1738463.587,343857177.7,3254.374578,65.86,2759988,10336.68481,267.0090123,65.08,Mandinka,Muslims,97.00270844,0.017932352,451,1,Britain,886520,3,23.41238142,13.45095349,1,7.7,No
GEO,Georgia,9193.663664,33776141251,0.25283,1768.16486,6495.972471,85396217.92,365216949.5,25071.96773,74.496,3673850,69460.57591,52.89115375,61.162,Georgian,Christians,88.17262268,0.988308668,37513,0,Never Colonized,1436800,4,40.61591596,42.17294198,0,11.1,No
DEU,Germany,55800.21945,4.65993E+12,3.13236,5787.44181,483314.7636,1.45966E+11,NA,68692.89447,80.54146341,83510950,356962.1814,233.949013,77.895,German,Christians,56.23487854,36.14769745,30229853,0,Never Colonized,79020757,5,32.68267552,51.0505772,0,37.6,No
GHA,Ghana,2405.794664,82825288889,0.37655,87.47972,3011.700537,311878625.3,1571978516,7556.416055,65.498,34427414,240102.2097,143.3864938,59.854,Akan,Christians,71.28790283,1.068349838,340673,1,Multiple,1311535,5,35.12867716,7.947699713,9,14.8,No
GIB,Gibraltar,NA,NA,NA,NA,NA,NA,NA,NA,83.553,39329,NA,NA,100,English,NA,NA,NA,NA,NA,Unknown,55257,NA,0,NA,0,0,Yes
GRC,Greece,24752.10684,2.57145E+11,1.48596,4926.78077,51183.3647,3821069038,NA,41181.99122,81.53658537,10388805,130457.9803,79.63334231,80.984,Greek,Christians,89.47636414,4.742371082,507404,0,Never Colonized,4521432,6,30.26997673,39.0479596,19,35.2,No
GRL,Greenland,NA,NA,NA,NA,NA,NA,NA,78840.59784,71.5497561,56836,2159634.786,0.026317413,88.149,Greenlandic,NA,NA,NA,NA,NA,Unknown,1097988,3,0.000535997,73.08121535,0,41.1,No
GRD,Grenada,11871.6117,1391435993,NA,NA,NA,NA,38494625.09,19010.18414,75.205,117207,286.7140552,408.7940507,37.267,Grenadian Creole English,Christians,87.4744339,5.773053169,6716,1,Multiple,194997,3,52.05882353,12.11724244,22,9.5,No
GUM,Guam,NA,NA,NA,NA,NA,NA,NA,NA,77.209,167777,483.1942736,347.2247276,95.24,English,Christians,94.01657867,1.833122969,2973,NA,Unknown,192034,1,51.85185185,13.44162938,6,4.5,Yes
GTM,Guatemala,6150.025978,1.132E+11,0.05863,14.52588,267.3685621,66368917.27,447018524.2,13745.36259,72.602,18406359,108724.4633,169.2936294,53.542,Spanish,Christians,91.95026398,6.020942211,1045075,1,Spain,5635441,12,32.81261665,15.69011958,86,20.1,Yes
GIN,Guinea,1717.023181,25334307879,NA,NA,NA,NA,531753295.9,4333.746173,60.74,14754785,245474.114,60.10729506,38.517,French,Muslims,86.80789185,1.319620252,176449,1,France,302056,5,25.02441804,10.43731875,15,37.6,No
GNB,Guinea-Bissau,962.9836279,2119865935,NA,NA,NA,NA,188911605.8,2907.140891,64.085,2201352,32127.54115,68.51915588,45.893,Crioulo,Muslims,55.97904205,11.62231159,233987,1,Portugal,99115,2,70.11273115,12.04775079,1,27.1,No
GUY,Guyana,29883.63412,24835899826,NA,NA,NA,NA,139789917,54729.03652,70.18,831087,212422.5364,3.912423861,27.316,Guyanese Creole,Christians,65.87551117,2.908345699,23484,1,Multiple,1174020,8,87.175018,4.789642908,33,8.5,No
HTI,Haiti,2142.623305,25224154991,NA,NA,NA,NA,1077659424,3281.212321,64.936,11772557,26865.06038,438.2107031,60.472,Haitian Creole,Christians,88.71865845,9.434687614,1060822,1,France,300140,5,12.48875181,18.93457514,92,8.6,No
HND,Honduras,3426.434833,37093565854,0.05997,187.83669,2033.464218,22245011.44,550766601.6,7178.339068,72.884,10825703,113769.9091,95.15436096,60.818,Spanish,Christians,88.47241211,9.74390316,986048,1,Spain,3966584,7,56.6476897,14.82908028,118,23.5,Yes
HKG,"Hong Kong SAR, China",54107.03452,4.07107E+11,1.10339,5273.74369,39680.1749,4491975041,NA,71505.85157,85.24731707,7524100,1031.227896,7296.253358,100,NA,NA,NA,NA,NA,NA,Unknown,2288072,1,NA,22.39826091,6,41.9,No
HUN,Hungary,23310.75127,2.22905E+11,1.39473,4725.1504,45183.37182,3108919047,NA,45367.59835,76.77073171,9562314,93167.12301,102.6361413,73.179,Hungarian,Christians,72.36884308,26.97590637,2630004,0,Never Colonized,2558916,1,22.48034955,47.16591251,0,22.6,No
ISL,Iceland,82703.85799,33462807983,2.6004,6863.54747,2777.059942,870166858.8,NA,76666.64208,82.60731707,404610,101387.0075,3.990748024,94.094,Icelandic,Christians,74.91873932,19.84541512,72756,0,Never Colonized,2655354,2,0.515719528,64.99788413,0,20.8,No
IND,India,2696.6639,3.91269E+12,0.64558,259.26325,376174.3287,25259519367,2376562012,10323.49987,72.003,1450935791,3162896.3,458.7364408,36.867,Hindi,Hindus,79.36618805,0.003259997,45725,1,Britain,65120109,48,24.35969447,22.77664304,743,7.5,No
IDN,Indonesia,4925.430488,1.3963E+12,0.28068,395.34168,112074.5949,3919135116,1155079468,15415.70793,71.146,283487931,1876354.96,151.0843828,59.204,Indonesian,Muslims,86.96417999,0.092005208,252844,1,Netherlands,5373190,38,48.36194487,-2.264067814,1429,12.2,No
IRN,Iran (Islamic Republic of),4771.40029,4.36906E+11,0.72665,2239.74005,205087.9301,3174779859,240743408.2,17659.87388,77.654,91567738,1626451.94,56.29907392,77.698,NA,NA,NA,NA,NA,0,Never Colonized,1281263,18,6.635439137,32.52733594,46,8.6,No
IRQ,Iraq,6073.610323,2.79641E+11,0.0407,164.28484,7564.005068,113813991.8,2007466675,14652.52124,72.324,46042015,438435.2969,105.0143894,71.853,Arabic,Muslims,99.49835968,0.000798929,336,1,Britain,171087,8,1.900352429,33.0096664,1,1.5,Yes
IRL,Ireland,107316.3373,5.77389E+11,0.96264,5511.65804,29654.13675,5558182042,NA,124900.9386,82.86097561,5380257,68853.61511,78.14051581,64.76,English,Christians,81.21601868,15.6012392,777348,0,Never Colonized,5881745,2,11.40978371,53.16253308,0,14.4,Yes
IMN,Isle of Man,NA,NA,NA,NA,NA,NA,NA,NA,80.999,84160,558.608841,150.6599857,53.708,English,NA,NA,NA,NA,NA,Unknown,1762513,1,6.070175439,54.22409591,0,5.8,Yes
ISR,Israel,54176.68444,5.4038E+11,6.01924,NA,NA,32526764373,NA,53401.17823,83.19512195,9974400,22101.34827,451.3027838,92.946,Hebrew,Jews,77.0493927,4.374664307,384987,1,Britain,8691674,7,6.469500924,31.43297864,2,24.5,No
ITA,Italy,40226.04724,2.37277E+12,1.39014,2795.53412,164897.4399,32984888099,NA,57893.40836,83.7,58986023,300957.352,195.9946238,72.292,Italian,Christians,80.47179413,13.27242947,7951880,0,Never Colonized,12607616,9,32.53089947,42.71568615,23,21.6,No
JAM,Jamaica,7019.746348,19930288337,NA,NA,NA,NA,86414985.66,11466.97133,71.479,2839175,10956.74547,259.1257602,57.762,Jamaican Patois,Christians,68.61232758,23.74363899,672120,1,Multiple,1074448,3,55.47306556,18.15745087,3,20,No
JPN,Japan,32475.8925,4.02621E+12,3.40537,5629.79566,697956.0056,1.37107E+11,NA,49896.64369,84.04121951,123975371,370923.2397,334.234574,92.134,Japanese,Religiously_unaffiliated,57.45616913,57.45616913,72569752,0,Never Colonized,14932847,9,68.40877915,37.46088048,199,29.7,No
JOR,Jordan,4618.095925,53352289577,0.69547,576.00927,6654.563671,371049168.3,2834251465,10411.84162,77.814,11552876,89059.00092,129.721599,92.206,Arabic,Muslims,97.08689117,0.047398046,5150,1,Britain,203111,6,1.098047165,31.23870264,1,4.5,Yes
KAZ,Kazakhstan,14005.34874,2.88406E+11,0.14472,693.05803,14271.84669,417381363.2,79082290.65,38515.1836,74.402,20592571,2718847.357,7.574007768,58.387,Kazakh,Muslims,77.90452576,2.534446478,493764,0,Never Colonized,710002,19,1.290483832,48.36167091,6,10,No
KEN,Kenya,2206.134979,1.24499E+11,0.80874,200.85225,11334.68378,1006870719,2595822998,6307.232494,63.646,56432944,596152.3241,94.6619542,30.049,Swahili,Christians,85.67028809,1.603437185,837272,1,Britain,6061038,13,6.216624779,0.599448837,86,12.2,No
KIR,Kiribati,2288.634583,307862546.8,NA,NA,NA,NA,98323959.35,3485.558083,66.473,134518,939.7309887,143.1452209,58.448,Kiribati,Christians,97.57009888,0.100478217,127,1,Britain,654162,3,1.456790123,0.892900809,2,22.4,No
PRK,"Korea, Dem. People's Rep.",NA,NA,NA,NA,NA,NA,14424407.01,NA,73.642,26498823,122770.0311,215.8411362,63.503,NA,NA,NA,NA,NA,0,Never Colonized,80646,4,49.90449298,40.14007427,1,2.4,No
KOR,"Korea, Rep.",NA,NA,5.21081,9434.7613,488258.9453,NA,NA,52203.96857,83.42926829,51751065,97362.42719,531.5301446,81.498,NA,NA,NA,NA,NA,0,Never Colonized,8389044,3,64.31352459,36.37336723,9,17,No
KWT,Kuwait,32213.86223,1.60227E+11,0.0976,159.38516,792.7596313,156381818.4,NA,53025.47114,83.18780488,4973861,17368.60119,286.3708451,100,Arabic,Muslims,80.23990631,0.248254478,10924,1,Britain,352300,2,0.350729517,29.33327858,0,17,Yes
KGZ,Kyrgyz Republic,2419.265536,17478259659,0.05876,NA,NA,10270225.38,440522277.8,7298.086126,72.24878049,7224614,199094.949,36.2872792,38.166,NA,NA,NA,NA,NA,0,Never Colonized,304302,8,6.953180396,41.47431036,5,6.7,No
LAO,Lao PDR,2123.979094,16502933121,NA,NA,NA,NA,514838562,9291.78859,68.964,7769819,229459.5405,33.86139004,38.906,NA,NA,NA,NA,NA,1,Unknown,364030,9,71.75476603,18.4874182,39,19,No
LVA,Latvia,23367.59868,43520773851,0.76382,2270.07923,4227.888631,332420374.8,NA,41810.00653,75.67804878,1862441,64405.35486,28.91748681,68.815,Latvian,Christians,77.26760101,16.97382164,322693,0,Never Colonized,930134,1,54.87160534,56.85952165,0,18.2,No
LBN,Lebanon,NA,NA,NA,NA,NA,NA,1747103271,12574.83291,77.817,5805962,10034.46526,578.602033,89.603,Arabic,Muslims,67.78356171,0.018806541,1072,1,France,243364,2,14.06940371,33.92159887,1,1.9,Yes
LSO,Lesotho,971.8146205,2271541846,0.05101,23.73201,55.47174601,1158713.495,172315887.5,2880.96631,57.375,2337423,30094.7937,77.66868327,30.897,Southern Sotho,Christians,97.32347107,1.664903402,37223,1,Britain,150417,2,1.137022398,-29.5790637,0,21.3,No
LBR,Liberia,846.2773684,4.75E+09,NA,NA,NA,NA,562641967.8,1794.533409,62.163,5612817,95879.37474,58.54040053,54.077,English,Christians,85.16896057,1.066497684,54919,0,Never Colonized,251487,4,78.77055648,6.451957665,4,4.1,Yes
LBY,Libya,6318.40314,46636278902,NA,NA,NA,NA,359675231.9,13848.795,69.339,7381023,1630146.582,4.527827794,81.907,Arabic,Muslims,98.99452209,0.049393948,3480,1,Multiple,78759,9,0.123327688,27.01671639,NA,0.1,Yes
LIE,Liechtenstein,NA,NA,5.86833,18129.75165,728.7616271,NA,NA,NA,84.84146341,40197,138.2752145,290.7028577,14.707,German,NA,NA,NA,NA,0,Never Colonized,101766,2,41.875,47.13662659,0,42.6,No
LTU,Lithuania,29386.28784,84869215513,1.05319,4153.6584,11995.99391,893834090.9,NA,50914.86381,76.98780488,2888055,64663.10523,44.66310409,68.936,Lithuanian,Christians,92.15046692,7.080081463,197942,0,Never Colonized,1501741,2,35.18074908,55.32377006,0,17.1,No
LUX,Luxembourg,137516.5873,93197329012,0.97653,4879.24254,3306.745616,910099877,NA,142424.7299,83.35853659,677717,2617.755029,258.892445,92.266,Luxembourgish,Christians,65.88789368,25.28631973,159455,0,Never Colonized,3489093,1,34.45382721,49.76678237,0,55.8,No
MAC,"Macao SAR, China",73046.88903,50183212761,0.26378,3826.96528,2629.125147,132373278.6,NA,116491.3772,83.1804878,687000,22.79087444,30143.64375,100,NA,NA,NA,NA,NA,NA,Unknown,84263,1,NA,22.22311755,0,NA,No
MDG,Madagascar,544.9973027,17420814801,0.01275,32.94427,1053.062141,2221153.887,1253593262,1808.44779,63.632,31964956,595923.2034,53.63938813,41.231,"Malagasy, Pleteau",Christians,74.2053833,22.29583359,6455437,1,France,3570408,7,21.34169251,-19.3164837,1016,7.5,No
MWI,Malawi,508.3712735,11008925323,NA,50.11331,1085.21806,NA,1731495850,1829.507689,67.353,21655286,120062.219,180.3671978,18.598,Nyanja,Christians,87.36235809,0.941342056,183881,1,Britain,559250,8,23.33156555,-13.20442537,14,22.9,No
MYS,Malaysia,11867.25864,4.21972E+11,0.95055,711.51035,25299.65236,4011055818,6578659.058,36416.54019,76.657,35557673,328379.4804,108.2822622,79.201,Malay,Muslims,64.11719513,0.844678819,286258,1,Multiple,4661382,12,58.02431898,3.811140433,303,13.3,No
MDV,Maldives,13215.53536,6975146349,NA,NA,NA,NA,200507659.9,24735.07543,81.041,527799,66.56078249,7929.579254,42.407,Dhivehi,Muslims,94.07234955,0.068035409,342,1,Britain,128391,1,2.733333333,3.728461174,0,2.3,No
MLI,Mali,1086.176218,26588067731,0.17385,28.66941,701.7868763,46223355.75,1292478638,3168.413347,60.439,24478595,1261023.403,19.41168969,46.934,Bamanankan,Muslims,94.13371277,2.525307894,548341,1,France,204289,5,10.89666363,17.31513901,3,7.5,No
MLT,Malta,42347.30739,24322006608,0.60433,2427.56223,1394.260657,146985182.5,NA,63084.70784,83.50731707,574346,274.3906005,2093.169368,95.006,Maltese,Christians,88.59967804,5.24495554,27180,0,Never Colonized,126559,1,1.4375,35.92147212,1,30.6,No
MHL,Marshall Islands,7466.651865,280357844.2,NA,NA,NA,NA,126128410.3,7532.174773,66.945,37548,237.9460758,157.8004591,79.208,Marshallese,NA,NA,NA,NA,1,Germany,185768,1,52.22222222,7.002791226,0,11.9,No
MRT,Mauritania,2082.783744,10766731874,0.01019,NA,NA,1097129.978,419490051.3,6946.193933,68.484,5169395,1040668.632,4.967378513,58.458,Hassaniyya,Muslims,99.18540192,0.106502414,4899,1,France,339840,8,0.298211604,20.22069377,3,0.6,No
MUS,Mauritius,11871.73368,14952555415,0.23401,852.67511,1073.951975,34990474.93,94860664.37,28923.35295,73.41219512,1259509,1883.42884,668.7319282,40.944,"Mauritian Creole, Morisyen",Hindus,48.28931046,0.753329694,9667,1,Multiple,183427,1,19.43415123,-20.27761959,51,4.7,No
MEX,Mexico,14157.94458,1.85272E+12,0.26819,272.31856,35635.88099,4968817506,451662292.5,24854.58221,75.069,130861007,1966673.32,66.53926997,81.862,Spanish,Christians,89.17308044,10.63434982,13484255,1,Spain,39924227,45,33.72720492,23.92415518,1012,14.6,Yes
FSM,"Micronesia, Fed. Sts.",4166.004767,471425099.5,NA,NA,NA,NA,125806556.7,4233.134049,67.198,113160,525.2516925,215.4395723,23.555,NA,NA,NA,NA,NA,1,Unknown,208151,2,92.07142857,7.53089209,28,0,No
MDA,Moldova,7617.516131,18200340854,0.22342,717.41595,1714.103994,40663201.54,1051385864,17746.94055,71.198,2389275,33191.15272,71.98529741,43.599,Romanian,Christians,99.53434753,0.233855382,7177,0,Never Colonized,151697,3,11.75129219,47.18717284,0,11.4,No
MCO,Monaco,NA,NA,NA,NA,NA,NA,NA,NA,86.372,38631,12.44277702,3104.692782,100,French,NA,NA,NA,NA,0,Never Colonized,13456,1,0,43.75274824,0,10.2,No
MNG,Mongolia,6691.482098,23586055802,0.08365,535.37392,1887.079569,19729735.68,260169830.3,18004.85121,72.12243902,3524788,1563902.297,2.253841565,69.263,Mongolian,Buddhists,51.1350975,40.82786942,1343558,0,Never Colonized,849912,17,9.09894466,46.95620389,1,19.8,No
MNE,Montenegro,12935.45227,8069536126,0.36328,764.41883,476.8681631,29315010.84,92358413.7,30601.42825,77.58780488,623831,13697.24375,45.54427235,68.84,"Montenegrin, Serbian",Christians,76.04615784,1.143437266,6951,0,Never Colonized,198609,3,61.48698885,42.78800331,1,13.9,No
MAR,Morocco,3993.387451,1.54431E+11,0.66036,1083.42555,41258.1158,1019800528,771669433.6,9842.888672,75.313,38081173,583706.1925,65.24031009,65.643,Moroccan Arabic,Muslims,99.67552185,0.130789146,47848,1,Multiple,2029580,8,12.89033542,29.76685914,NA,2.2,No
MOZ,Mozambique,647.2857995,22416650343,0.30814,44.41136,1538.043827,69074666.37,2927378418,1677.681023,63.611,34631766,792438.6469,43.70277262,39.326,Portuguese,Christians,61.33995056,14.28753757,4398231,1,Portugal,1021629,13,46.41217312,-17.19585754,36,29.5,No
MMR,Myanmar,1359.259614,74079772652,0.02376,28.00891,1526.488144,17601353.98,1140740967,5953.357352,66.889,54500091,664254.3358,82.04702335,32.47,Burmese,Buddhists,89.05110168,0.058647044,31093,1,Unknown,483787,19,43.29014663,21.11290689,95,6.6,No
NAM,Namibia,4413.127442,13372354269,0.64647,224.81068,681.2058106,86448258.64,271632598.9,11251.23703,67.385,3030131,826494.5024,3.666244592,55.795,Kwanyama,Christians,90.53588104,5.631341934,153666,1,Multiple,2930964,12,7.977614206,-22.06969001,51,39.9,No
NRU,Nauru,13421.83306,160350639.5,NA,NA,NA,NA,37581523.9,13829.91894,62.109,11947,27.85667921,428.8738048,100,Nauruan,NA,NA,NA,NA,1,Multiple,5825,0,0,-0.519126378,1,0,No
NPL,Nepal,1447.310045,42914268287,0.3022,NA,NA,129686918.8,1173136841,5395.208201,70.354,29651054,147523.4244,200.9921754,22.366,Nepali,Hindus,81.18401337,0.001294779,375,0,Never Colonized,1969234,12,41.59072201,28.25804251,18,23.6,No
NLD,Netherlands,68218.7261,1.22754E+12,2.25533,6319.17518,113708.7358,27685166411,NA,78305.28884,81.91463415,17994237,37216.26222,483.5046812,93.453,Dutch,Religiously_unaffiliated,54.11624146,54.11624146,9544336,0,Never Colonized,138473892,5,11.00198099,52.2269196,0,22.5,No
NCL,New Caledonia,NA,NA,NA,NA,NA,NA,NA,NA,78.766,292639,18708.06596,15.64239728,73.106,French,Christians,85.1028595,10.52397442,29907,NA,Unknown,1349621,2,45.8380744,-21.30088607,133,59.7,No
NZL,New Zealand,48747.01369,2.60236E+11,1.46569,5094.76159,27198.38475,3814252040,NA,53854.19963,83.00487805,5338500,267464.3213,19.95967153,87.091,English,Religiously_unaffiliated,51.35481262,51.35481262,2603635,1,Britain,19215014,12,37.63065094,-41.70233373,169,33.4,Yes
NIC,Nicaragua,2847.539663,19693982968,0.10742,NA,NA,21155276.5,581782470.7,8319.979441,74.947,6916140,129534.474,53.392273,60.155,Spanish,Christians,84.80610657,13.30416298,873454,1,Spain,2424958,9,27.48487618,12.84499272,14,21.3,Yes
NER,Niger,722.7486503,19537639288,NA,26.93895,728.2247952,NA,1282570190,1875.153068,61.183,27032412,1187697.315,22.76035456,17.232,Hausa,Muslims,98.13329315,1.2242167,290355,1,France,112348,6,0.842567301,17.41200796,0,18.2,No
NGA,Nigeria,806.9456951,1.8776E+11,0.28444,22.12011,5146.895648,534063699.5,3596401367,6207.421378,54.462,232679478,913593.7509,254.6859343,55.03,Hausa,Muslims,56.06650925,0.379311502,811712,1,Britain,1287758,14,23.5664877,9.59094557,19,13.9,No
MKD,North Macedonia,9310.0279,16685236492,0.39502,922.47062,1653.232473,65910021.19,414461212.2,24390.46038,75.31609756,1792179,25420.81768,70.50044661,59.868,NA,Christians,64.68531799,0.515654862,9653,0,Never Colonized,195937,4,39.71015067,41.59519156,0,15.4,No
MNP,Northern Mariana Islands,NA,NA,NA,NA,NA,NA,NA,NA,78.808,44278,394.4154048,112.2623494,92.171,Chamorro,NA,NA,NA,NA,NA,Unknown,297663,1,52.95652174,15.817114,7,2.8,No
NOR,Norway,86809.72469,4.83727E+11,1.55752,7394.79171,41205.79079,7534150973,NA,100437.3267,83.11219512,5572272,NA,NA,84.318,Norwegian,Christians,71.42243958,22.4515419,1207730,0,Never Colonized,60181469,NA,33.45814918,NA,0,17.7,No
OMN,Oman,20248.41681,1.06943E+11,0.36729,655.14938,3460.196346,392790147.1,NA,41851.18796,80.031,5281538,312767.3958,16.88647241,88.998,Arabic,Muslims,81.78730011,0.140269518,6344,0,Never Colonized,742855,9,0.007862036,20.58577513,20,3.9,Yes
PAK,Pakistan,1484.749859,3.73072E+11,0.16375,473.71632,119030.3037,610905163.8,3963701660,6036.641925,67.649,251269164,875728.4954,286.9258741,38.365,Panjabi,Muslims,96.54430389,0.012734034,29925,1,Britain,1087335,19,4.779680365,29.88394535,34,12.3,No
PLW,Palau,NA,NA,NA,NA,NA,NA,28785337.45,17531.69265,69.269,17695,341.3140305,51.84375215,82.839,Palauan,NA,NA,NA,NA,1,Multiple,284674,1,90.19565217,7.286684737,24,44.2,No
PAN,Panama,19102.85219,86260400000,0.15791,253.27142,1143.666599,136213797.6,410184387.2,39803.31895,79.594,4515577,74409.6203,60.68539231,69.888,Spanish,Christians,91.15790558,6.21044302,266631,1,Spain,10201147,9,56.65170262,8.520232995,104,31.4,Yes
PNG,Papua New Guinea,3076.487862,32538480024,0.03158,33.15884,350.7045376,10275651.99,691091125.5,4667.835671,66.134,10576502,465327.9146,22.72913717,13.88,Tok Pisin,Christians,99.08984375,0.310512781,30479,1,Britain,2682185,16,79.10221702,-6.46858139,605,3.7,No
PRY,Paraguay,6416.09709,44458118400,0.11944,133.19638,922.9380961,53100776.62,223693115.2,17564.49124,73.844,6929153,401803.2524,17.24513915,63.489,"Guarani, Paraguayan",Christians,93.52775574,4.247684002,280506,1,Spain,1815019,7,39.82614322,-23.20890934,7,14.3,No
PER,Peru,8452.37167,2.89222E+11,0.16178,NA,NA,467903301.5,586267578.1,17011.2278,77.74,34217848,1299180.746,26.33801964,79.139,Spanish,Christians,94.49199677,5.106701851,1676968,1,Spain,12253102,17,56.37307289,-9.107149627,640,22.5,Yes
PHL,Philippines,3984.831539,4.61618E+11,0.32222,170.21271,19718.06501,1487423940,1842688843,10985.82926,69.833,115843670,290958.9311,398.1444033,48.614,Tagalog,Christians,91.46120453,0.041135743,46105,1,Spain,3764673,10,24.22604554,11.72934323,746,15.9,No
POL,Poland,25022.67164,9.14696E+11,1.45383,3721.07204,136022.6981,13298131113,NA,46757.54018,78.50731707,36554707,313244.1205,116.6971848,60.33,Polish,Christians,91.18841553,8.645580292,3300105,0,Never Colonized,18085482,4,31.01927475,52.11183561,0,39.6,No
PRT,Portugal,28844.49792,3.08683E+11,1.70179,5686.65428,60856.50416,5253141827,NA,47426.48809,82.2804878,10701636,90961.92025,117.6496271,68.423,Portuguese,Christians,85.07437134,13.78093719,1429155,0,Never Colonized,22381859,6,36.15499489,39.60621031,9,22.9,No
PRI,Puerto Rico (US),39285.01746,1.25842E+11,0.42883,332.37777,1064.704049,539646104.5,NA,47433.23763,81.69,3203295,8963.46294,357.3724822,93.664,NA,NA,NA,NA,NA,NA,Unknown,3451090,3,56.01127396,18.22857994,77,6.7,No
QAT,Qatar,76275.90768,2.17983E+11,0.68058,947.77921,2708.584277,1483548477,NA,128918.5493,82.368,2857822,11099.23057,257.4792894,99.387,Arabic,Muslims,75.89176178,0.273621351,7671,1,Britain,175305,2,0,25.30486236,0,15.8,Yes
ROU,Romania,20072.40792,3.82768E+11,0.45881,998.72545,19045.03517,1756175894,NA,45776.83764,76.60731707,19069340,236299.0227,80.70003754,54.88,Romanian,Christians,98.54199982,0.939600706,182212,0,Never Colonized,1703999,6,30.11582928,45.84841398,2,24.5,No
RUS,Russian Federation,14889.01855,2.17384E+12,0.92527,2683.9498,385237.6507,20113850568,NA,44268.73047,73.25463415,143533851,16913027.07,8.486585541,75.548,Russian,NA,NA,NA,NA,0,Never Colonized,19023403,50,49.7843605,66.03172193,27,11.4,No
RWA,Rwanda,999.6545614,14251642231,0.79445,133.11989,1897.832631,113222171.7,1387333130,3399.451746,67.785,14256567,25442.4108,560.3465454,18.081,Rwanda,Christians,97.03359985,1.007935405,131695,1,Multiple,552296,3,11.2282124,-1.99032495,6,9.1,No
WSM,Samoa,4898.771408,1068025244,NA,NA,NA,NA,117172477.7,7037.086617,71.698,218019,2707.799999,80.51517841,17.42,Samoan,Christians,97.63423157,0.064215787,136,1,Multiple,104780,1,57.98201439,-13.75340088,10,8.2,No
SMR,San Marino,NA,NA,NA,NA,NA,NA,NA,NA,85.706,33977,68.41198216,496.6527635,97.932,Italian,NA,NA,NA,NA,0,Never Colonized,3971,1,16.66666667,43.94186524,0,NA,No
STP,Sao Tome and Principe,3244.828997,764274042.7,NA,NA,NA,NA,86840171.81,6149.981461,69.718,235536,988.0681392,238.3803208,77.014,Portuguese,Christians,84.43590546,9.693238258,21076,1,Portugal,178256,1,53.41666667,0.443840092,57,29.3,No
SAU,Saudi Arabia,35057.22523,1.23753E+12,0.56486,1120.62603,39558.41263,6990311205,NA,71564.80003,78.732,35300280,1930156.697,18.28881565,85.171,Arabic,Muslims,92.69380188,0.112103462,34742,0,Never Colonized,673981,14,0.454484135,24.08655799,5,15.6,Yes
SEN,Senegal,1743.988884,32267254425,0.5772,572.42133,10590.93029,186246592.5,1859611206,4777.614519,68.683,18501984,197769.6708,93.55319207,50.08,Wolof,Muslims,97.55647278,0.020703293,3476,1,Multiple,891350,4,41.69822885,14.36481109,2,26.4,No
SRB,Serbia,13523.72468,89083506277,0.95005,2515.31463,16568.88556,846337851.4,578221740.7,28748.38329,76.22097561,6587202,77663.53604,84.81717851,57.371,Serbian,Christians,91.5355072,4.008869648,276925,0,Never Colonized,1620961,4,32.38125818,44.21131983,0,8.1,No
SYC,Seychelles,17858.82264,2167239562,0.2017,NA,NA,4371322.197,NA,31780.78383,74.95853659,121354,174.7596911,694.4049811,59.242,Seselwa,Christians,93.95184326,2.360452175,2839,1,Multiple,509318,1,73.26086957,-4.660989752,47,61.5,No
SLE,Sierra Leone,873.3885752,7547843281,NA,NA,NA,NA,497800445.6,3371.347542,61.786,8642022,72036.82659,119.9667227,44.779,Krio,Muslims,80.14663696,0.012038952,953,1,Britain,167524,4,34.84552508,8.562492325,0,12.7,No
SGP,Singapore,90674.06663,5.47387E+11,2.15626,7916.99926,47793.81615,11803079291,NA,143786.1363,82.89512195,6036860,486.0438253,12420.40262,100,Mandarin,Buddhists,30.80149078,19.89608192,1118190,1,Britain,2109632,1,21.43454039,1.35876224,2,5.6,No
SXM,Sint Maarten (Dutch part),40027.9176,1735210228,NA,NA,NA,NA,NA,49826.11463,76.371,43350,41.92856409,1033.901374,100,NA,NA,NA,NA,NA,NA,Unknown,50307,1,10.88235294,18.05082253,0,0.7,No
SVK,Slovakia,26147.90284,1.41776E+11,0.97939,3387.47411,18367.11836,1388537356,NA,43949.85721,78.01707317,5422069,48447.5066,111.9163685,54.172,Slovak,Christians,73.74530029,25.32966995,1381739,0,Never Colonized,4486109,2,40.05615641,48.71128081,0,37.6,No
SVN,Slovenia,34089.35277,72485008929,2.09525,5370.37458,11419.15636,1518742150,NA,53952.20473,81.97804878,2126324,20239.51353,105.0580587,56.438,Slovenian,Christians,65.41543579,32.26738739,678396,0,Never Colonized,1116223,5,61.371114,46.11589048,0,40.4,No
SLB,Solomon Islands,2149.379573,1760767447,NA,NA,NA,NA,243661377,2800.823718,70.528,819198,25797.02215,31.7555257,26.488,Pijin,Christians,95.02237701,0.327515811,2438,1,Multiple,326955,2,90.11218292,-8.923117165,107,2,No
SOM,"Somalia, Fed. Rep.",636.9834776,12108515110,NA,NA,NA,NA,2281094971,1556.523088,58.816,19009151,474661.2824,40.04782295,48.519,NA,NA,NA,NA,NA,1,Multiple,102152,8,9.409969076,4.739406222,65,0,No
ZAF,South Africa,6253.371582,4.00261E+11,0.61729,444.16281,28429.61204,2470769425,1506946411,15194.19918,66.139,64007187,1224403.2,52.27623304,69.298,Zulu,Christians,85.25711823,3.122110128,1890824,1,Multiple,47981632,19,14.0250847,-28.97420851,256,9.3,No
SSD,South Sudan,NA,NA,NA,NA,NA,NA,1791723999,NA,57.617,11943408,625360.4454,19.09843849,21.56,English,Christians,60.50164413,0.440300107,47105,0,Never Colonized,35088,6,11.32562151,7.308696945,4,15.5,Yes
ESP,Spain,35297.0095,1.72275E+12,1.43532,3387.49657,165334.0092,24726917576,NA,53229.92202,83.88292683,48807137,507303.2366,96.20899982,81.802,Spanish,Christians,69.45676422,26.35974312,12568191,0,Never Colonized,84867232,10,37.17275211,40.20765398,38,28.1,Yes
LKA,Sri Lanka,4515.567873,98963185510,0.10506,94.4866,2070.768326,103970722.7,827259826.7,14455.65444,77.483,21916000,66196.84453,331.0731826,19.416,Sinhala,Buddhists,69.59994507,0.069881201,15766,1,Multiple,2987671,4,34.10701584,7.611038185,293,29.9,No
KNA,St. Kitts and Nevis,22771.41689,1066681481,NA,NA,NA,NA,NA,34367.80266,72.145,46843,233.4609446,200.6459799,31.221,NA,NA,NA,NA,NA,1,Britain,61159,3,42.30769231,17.26457864,1,22.9,No
LCA,St. Lucia,14181.63034,2549062963,NA,NA,NA,NA,35849578.86,25974.50929,72.697,179744,552.6211434,325.2571896,19.306,NA,Christians,91.73370361,5.901278973,10519,1,Multiple,126603,3,34.04918033,13.894773,15,18.7,No
MAF,St. Martin (French part),NA,NA,NA,NA,NA,NA,NA,NA,80.224,26129,49.11811599,531.962586,NA,NA,NA,NA,NA,NA,NA,Unknown,90329,1,24.8,18.08889078,0,12.8,No
VCT,St. Vincent and the Grenadines,11501.22652,1157207407,NA,NA,NA,NA,21283741,19819.86903,71.23,100616,311.7879883,322.7064665,54.725,NA,Christians,86.31412506,7.863911629,8141,1,Unknown,89758,4,73.17948718,13.22467703,11,22.4,No
SDN,Sudan,989.3128662,49909807030,NA,NA,NA,NA,1390063232,2420.657959,66.331,50448963,1867226.687,27.01812445,36.752,Sudanese Arabic,Muslims,98.85551453,0.563212574,263523,1,Britain,207548,10,9.73608137,15.96796611,13,2.3,No
SUR,Suriname,7430.702192,4714267822,NA,NA,NA,NA,43524604.8,21135.54564,73.631,634431,145900.3436,4.348385922,66.533,Dutch,Christians,52.78678131,8.109276772,49654,1,Netherlands,829570,7,94.60014575,4.129848288,6,14.5,No
SWE,Sweden,57723.2345,6.10118E+11,3.40822,8623.7461,91150.48677,20794156585,NA,67258.8461,83.3097561,10569709,443967.5039,23.80739335,88.976,Swedish,Christians,60.7713089,28.90637589,2992876,0,Never Colonized,154054183,4,68.69966608,62.38365607,0,15.4,No
CHE,Switzerland,103669.872,9.36564E+11,3.30645,6021.39855,54397.92868,30967026926,NA,90505.99788,84.05609756,9034102,41299.24817,218.7473719,74.327,German,Christians,61.58049774,30.76514435,2658287,0,Never Colonized,32470609,3,32.20860332,46.79889643,0,12.1,No
SYR,Syrian Arab Republic,NA,NA,0.07306,139.93785,3452.652988,NA,9206277344,4650.066878,72.12,24672760,186389.0825,132.3723453,58.044,NA,NA,NA,NA,NA,1,France,404177,4,2.843108425,35.01677733,1,0.7,No
TJK,Tajikistan,1341.20229,14204575549,0.08969,NA,NA,12740083.81,530799865.7,4963.582953,71.79,10590927,142612.8825,74.26346632,28.523,Tajiki,Muslims,98.91412354,0.074550293,7268,0,Never Colonized,147142,8,3.060739246,38.53654903,2,22.3,No
TZA,Tanzania,1185.745483,78779864877,0.51456,19.31703,1324.37861,405369672.7,3056842041,4018.516602,66.995,68560157,947902.7712,72.32825885,38.136,Swahili,Christians,64.69165802,3.478159189,2120731,1,Multiple,3545200,18,51.11311809,-6.26824779,251,39.9,No
THA,Thailand,7345.13569,5.26411E+11,1.15902,1863.07585,133522.9405,6101211849,84968795.78,23519.2121,76.412,71668011,516871.5454,138.6572963,54.32,Thai,Buddhists,94.39245605,0.012629814,9048,0,Never Colonized,8222021,15,38.82831921,15.08258495,104,18.5,No
TLS,Timor-Leste,1343.14886,1881265333,NA,NA,NA,NA,259935394.3,4806.140143,67.689,1400638,15054.37609,93.03859503,32.842,Tetun,Christians,99.5353241,0.063858345,847,1,Portugal,105335,1,61.84936113,-8.829321658,1,16,No
TGO,Togo,1043.140929,9925732120,0.19074,41.39064,393.8417078,18932341.45,615510925.3,3071.512168,62.739,9515236,57267.39493,166.154511,45.064,Ewe,Christians,56.8842392,8.012784004,694686,1,Multiple,154354,3,22.17889318,8.520779785,2,28,No
TON,Tonga,NA,NA,NA,NA,NA,NA,129549209.6,7852.764981,72.895,104175,432.6251129,240.7973945,23.21,Tongan,Christians,97.76400757,0.581340015,614,1,Britain,174463,1,12.43055556,-20.42051276,5,12.6,No
TTO,Trinidad and Tobago,19314.71634,26428963758,0.0478,492.71552,674.1989056,12633044.68,NA,34620.38605,73.49,1368333,5113.750681,267.5791382,53.562,Trinidadian Creole,Christians,70.0174942,2.448547363,36264,1,Unknown,1440316,3,44.39961014,10.45717257,20,30.6,No
TUN,Tunisia,4350.371797,53409988745,0.74658,1703.91532,20919.15411,398748294,1225880737,14009.51923,76.508,12277109,157008.5761,78.19387515,70.88,Tunisian Arabic,Muslims,99.30379486,0.441310823,52843,1,France,312192,6,4.533084449,34.08895549,NA,7.9,No
TUR,Turkiye,15473.28726,1.32325E+12,1.32343,2478.67633,211973.0808,17512351106,1550410645,42326.16444,77.156,85518661,781555.4708,109.4211021,77.893,NA,NA,NA,NA,NA,0,Never Colonized,4615745,14,29.0741785,39.13701331,39,7,No
TKM,Turkmenistan,8571.607029,64239891739,0.14,NA,NA,89935848.44,36352214.81,19828.92485,70.073,7494498,471682.0735,15.88887605,54.524,Turkmen,Muslims,94.28793335,0.071888015,4996,0,Never Colonized,59354,8,8.782159045,39.12547071,1,3.2,No
TCA,Turks and Caicos Islands,37506.77984,1745378000,NA,NA,NA,NA,NA,35336.74035,78.008,46535,330.9675786,140.6028959,94.433,Turks and Caicos Islands Creole,NA,NA,NA,NA,NA,Unknown,88001,2,11.07368421,21.83062187,8,44.4,No
TUV,Tuvalu,NA,NA,NA,NA,NA,NA,68341110.23,6151.01047,67.105,9646,10.2737566,938.8970729,66.928,Tuvaluan,NA,NA,NA,NA,1,Britain,13225,0,33.33333333,-8.503450593,1,13.2,No
UGA,Uganda,1072.713698,53651874314,0.3109,12.44448,622.4118121,166803677.2,2256590576,3097.637024,68.252,50015092,243097.4383,205.7409257,27.389,Swahili,Christians,87.74430084,0.094881155,42181,1,Britain,2864134,8,11.45343756,1.274231547,7,16.1,No
UKR,Ukraine,5389.473145,1.90741E+11,0.32653,586.07925,22189.08993,622827448.5,38935210938,17665.34375,73.422,37860221,571431.8156,66.2550106,70.284,Ukrainian,Christians,83.42977142,15.14456844,6766595,0,Never Colonized,4494739,5,16.73455299,49.19560823,3,13,No
ARE,United Arab Emirates,49377.56434,5.37079E+11,1.49469,2606.78477,28353.94841,8027663551,NA,76110.38484,82.909,10876981,71434.73563,152.2645938,88.008,Arabic,Muslims,72.94023132,0.335835189,31731,1,Britain,1988290,6,4.467755562,23.90532033,1,19.4,Yes
GBR,United Kingdom,52636.78659,3.64383E+12,2.89711,4472.69458,309626.755,1.05566E+11,NA,57915.494,81.23809756,69226000,240147.7338,288.2642235,84.884,English,Christians,49.37041092,40.21815872,27087679,0,Never Colonized,202387711,4,13.22145538,54.01164975,1,27.8,Yes
USA,United States,85809.90038,2.92E+13,3.58623,4825.1804,1641096.873,1.04664E+12,NA,82304.62043,78.38536585,340110988,9460566.772,35.95038185,83.515,English,Christians,64.01000214,29.72999954,100914368,1,Britain,1260051523,92,33.86692641,44.74373159,529,12.9,Yes
URY,Uruguay,23906.5133,80961511074,0.62592,902.41575,3056.11035,506754290.1,NA,34470.93222,78.138,3386588,177959.93,19.03005918,95.852,Spanish,Religiously_unaffiliated,52.4098053,52.4098053,1781393,1,Multiple,2162643,4,11.72437436,-32.79134091,4,3.7,Yes
UZB,Uzbekistan,3161.700106,1.14965E+11,0.12527,542.07268,19710.77036,144017023.1,1200078857,11106.97159,72.388,36361859,448373.1481,81.09731628,50.626,Uzbek,Muslims,95.62223053,0.551984191,185391,0,Never Colonized,217200,8,8.431804617,41.77540075,1,9.5,No
VUT,Vanuatu,3542.810716,1161251868,NA,NA,NA,NA,150053588.9,3460.933714,71.477,327777,11317.08864,28.96301428,26.147,Bislama,Christians,83.50376129,1.366455793,4084,1,Multiple,227548,1,36.28383921,-16.21696903,22,4.2,No
VEN,Venezuela,NA,NA,0.69,179.95961,5111.85044,NA,405295074.5,NA,72.514,28405543,916363.2856,30.99812427,88.505,Spanish,Christians,88.11541748,9.727750778,2766969,1,Spain,5753832,25,52.34778074,7.122274077,385,56.9,Yes
VNM,Vietnam,4717.290287,4.76388E+11,0.42494,767.88667,77547.09791,2024364146,831187988.3,15033.87686,74.588,100987686,329674.5734,306.325371,40.195,Vietnamese,Religiously_unaffiliated,67.67364502,67.67364502,66373764,1,France,1375509,14,46.96116186,16.54429751,214,7.6,No
VIR,Virgin Islands (U.S.),NA,NA,NA,NA,NA,NA,NA,NA,80.5195122,104377,316.5237382,329.7604173,96.314,NA,NA,NA,NA,NA,NA,Unknown,506635,3,57.31428571,17.95456786,8,14.4,No
PSE,West Bank and Gaza,2592.305912,13711100000,0.45434,584.35347,3090.734325,62295011.74,3623873047,5950.020062,65.17,5289152,6347.492359,833.2663831,77.877,NA,NA,NA,NA,NA,NA,Unknown,673959,4,1.682987552,31.9152203,0,10,No
YEM,Yemen,NA,NA,NA,NA,NA,NA,4146491699,NA,69.295,40583164,455155.8498,89.16322622,40.477,Arabic,Muslims,99.86302185,0.061554585,22243,1,Britain,210304,12,1.039831809,15.91728068,59,0.8,Yes
ZMB,Zambia,1235.084665,26325775287,NA,NA,NA,NA,1421932007,4076.995087,66.349,21314956,757286.6982,28.14648145,46.914,Bemba,Christians,98.28038025,0.059753649,11389,1,Britain,1358036,9,60.03015012,-13.45552549,14,41.3,No
ZWE,Zimbabwe,2656.409377,44187704410,NA,95.1253,1582.349722,NA,791534362.8,3820.359922,62.775,16634373,391057.021,42.53695013,32.67,Shona,Christians,87.20018768,10.53988743,1636517,1,Britain,1820910,8,44.97482228,-18.99704681,9,28.3,No
