iso3c,country,wb_gdp_per_capita,wb_gdp_total,wb_percent_gdp_for_research,wb_researchers_per_million_people,wb_population,wb_population_density,wb_urbanisation_percent_urban,ever_colonized,mean_latitude,foreign_aid_oda,hdi_proxy_gdp,hdi_proxy_life,main_language_code,is_english_main,open_knowledge_score
AFG,Afghanistan,NA,NA,NA,NA,42647492,NA,27.265,0,33.81875642614741,3060331298.82813,2201.72290691677,66.035,NA,NA,NA
AFE,Africa Eastern and Southern,1567.63583892828,1205973813871.44,NA,NA,769294618,NA,38.9491140663563,NA,NA,NA,NA,NA,NA,NA,NA
AFW,Africa Western and Central,1284.15444092323,670025655309.603,NA,NA,521764076,NA,50.2809344109865,NA,NA,NA,NA,NA,NA,NA,NA
ALB,Albania,10011.6279856667,27177735527.5667,NA,NA,2714617,NA,65.38,0,41.13487368885515,360629669.189453,21263.1545689521,79.602,NA,NA,NA
DZA,Algeria,5631.17999109851,263619794506.723,NA,NA,46814308,NA,75.748,1,28.05599342211892,202314987.182617,16824.4879034626,76.261,NA,NA,NA
ASM,American Samoa,NA,NA,NA,NA,46765,NA,87.284,NA,-14.304466317458697,NA,NA,72.852,NA,NA,NA
AND,Andorra,49303.6733899464,4039844390.22543,NA,NA,81938,NA,87.747,0,42.54228639431242,NA,71730.668682165,84.041,NA,NA,NA
AGO,Angola,2122.08368991872,80396942241.6233,NA,NA,37885849,NA,69.281,1,-12.270613926548416,147169143.676758,8046.81729875579,64.617,NA,NA,NA
ATG,Antigua and Barbuda,23725.7903725506,2224814814.81481,NA,NA,93772,NA,24.338,1,17.277104035323703,NA,31601.7527146877,77.598,NA,NA,NA
ARB,Arab World,7521.15330929761,3704768275595.84,NA,NA,492579811,NA,59.8836721544724,NA,NA,NA,NA,NA,NA,NA,NA
ARG,Argentina,13858.2039802008,633266692533.689,NA,NA,45696159,NA,92.579,1,-34.68398767122581,259022705.078125,30082.3045247325,77.395,NA,NA,NA
ARM,Armenia,8500.60522486719,25786585949.6346,NA,NA,3033500,NA,63.929,0,40.28732777342889,205138351.44043,21534.0305361169,77.4658536585366,NA,NA,NA
ABW,Aruba,NA,NA,NA,NA,107624,NA,44.474,NA,12.520878060142005,NA,44967.3445127082,76.353,NA,NA,NA
AUS,Australia,64407.484256932,1752193307380.34,NA,NA,27204809,NA,86.75,1,-25.764181552307942,NA,70513.4748706981,83.0512195121951,NA,NA,NA
AUT,Austria,56833.1960472053,521642466921.745,NA,NA,9178482,NA,59.819,0,47.592293442958706,NA,70478.7873635411,81.5414634146342,NA,NA,NA
AZE,Azerbaijan,7283.83562954872,74315882352.9412,NA,NA,10202850,NA,57.997,0,40.28666184095767,123224662.780762,23651.5994551766,74.429,NA,NA,NA
BHS,Bahamas,39455.4466548546,15832800000,NA,NA,401283,NA,83.764,1,24.280018782810973,NA,39090.1665080164,74.552,NA,NA,NA
BHR,Bahrain,30048.2177718844,47736702127.6596,NA,NA,1588670,NA,89.999,1,26.041963777013656,NA,64171.0857359052,81.284,NA,NA,NA
BGD,Bangladesh,2593.41607390407,450119424622.389,NA,NA,173562364,NA,41.23,1,23.860666136535563,5683857421.875,9147.7775066555,74.672,NA,NA,NA
BRB,Barbados,25365.7949424181,7165000000,NA,NA,282467,NA,31.548,1,13.181449807744775,NA,21336.1575553016,76.178,NA,NA,NA
BLR,Belarus,8316.64776291533,75961865471.9129,NA,NA,9133712,NA,81.125,0,53.51952055703963,114752738.952637,30834.1773660201,74.1837804878049,NA,NA,NA
BEL,Belgium,55954.6106261018,664564181486.953,NA,NA,11876844,NA,98.224,0,50.63889496311262,NA,69059.1768269112,82.3975609756098,NA,NA,NA
BLZ,Belize,8429.67959707387,3515783328.91079,NA,NA,417072,NA,46.838,1,17.19829887063732,31858842.8497314,13823.4379513758,73.566,NA,NA,NA
BEN,Benin,1485.38018980894,21482643720.2743,NA,NA,14462724,NA,50.669,1,9.635612234306965,1034930297.85156,4129.9661200142,60.774,NA,NA,NA
BMU,Bermuda,138934.958846463,8980200000,NA,NA,64636,NA,100,NA,32.31367806965704,NA,114372.049927372,82.309,NA,NA,NA
BTN,Bhutan,NA,NA,NA,NA,791524,NA,45,1,27.412137795939046,156838043.212891,16253.9629503074,72.975,NA,NA,NA
BOL,Bolivia,4001.21133990795,49668296743.8495,NA,NA,12413315,NA,71.545,1,-16.681984235150747,764393493.652344,10925.2730525053,68.581,NA,NA,NA
BIH,Bosnia and Herzegovina,8957.37294188215,28343394203.4694,NA,NA,3164253,NA,50.708,0,44.171474332882234,307687896.728516,22512.434413542,77.85,NA,NA,NA
BWA,Botswana,7695.2420641819,19400774882.4495,NA,NA,2521139,NA,73.49,1,-22.16524478709958,284583099.365234,21012.1031973569,69.163,NA,NA,NA
BRA,Brazil,10280.3148624429,2179412080828.59,NA,NA,211998573,NA,88.016,1,-10.639048767332707,699971862.792969,21175.6186990185,75.848,NA,NA,NA
VGB,British Virgin Islands,NA,NA,NA,NA,39471,NA,50.171,NA,18.52581269511758,NA,NA,77.276,NA,NA,NA
BRN,Brunei Darussalam,33417.8357740437,15463134387.2013,NA,NA,462721,NA,79.439,1,4.5196837365588305,NA,85032.6008678781,75.327,NA,NA,NA
BGR,Bulgaria,17412.4115085691,112211952703.831,NA,NA,6444366,NA,77.037,0,42.77124104978977,NA,37507.659899221,75.7073170731707,NA,NA,NA
BFA,Burkina Faso,987.321378101867,23250214909.5391,NA,NA,23548781,NA,33.166,1,12.27072624878599,1436421997.07031,2754.71346543427,61.092,NA,NA,NA
BDI,Burundi,153.930217854023,2162378759.3467,NA,NA,14047786,NA,15.16,1,-3.3592151438157476,621667724.609375,919.597971491806,63.651,NA,NA,NA
CPV,Cabo Verde,5272.85253011419,2767599017.44874,NA,NA,524877,NA,68.412,1,15.95330551583823,101708351.135254,10300.4408938316,76.059,NA,NA,NA
KHM,Cambodia,2627.8796974226,46352647034.7775,NA,NA,17638801,NA,26.035,1,12.719494903029029,1581260620.11719,7430.73085709415,70.668,NA,NA,NA
CMR,Cameroon,1762.3683508844,51326764684.8595,NA,NA,29123744,NA,59.892,1,5.681168003162897,940268859.863281,5405.57465742869,63.7,NA,NA,NA
CAN,Canada,54282.6176051733,2241253230970.34,NA,NA,41288599,NA,81.98,1,60.41776698438469,NA,64462.9211694495,81.6465853658537,NA,NA,NA
CSS,Caribbean small states,20173.9564746676,91570798875.9048,NA,NA,4539060,NA,48.9393849292585,NA,NA,NA,NA,NA,NA,NA,NA
CYM,Cayman Islands,NA,NA,NA,NA,74457,NA,100,NA,19.4298043928056,NA,86689.2088816431,80.358,NA,NA,NA
CAF,Central African Republic,516.170424537757,2751544520.37918,NA,NA,5330690,NA,44.13,1,6.572299164266934,737595642.089844,1257.09435709914,57.408,NA,NA,NA
CEB,Central Europe and the Baltics,24543.3040551653,2455559190577.36,NA,NA,100050066,NA,63.2318023578215,NA,NA,NA,NA,NA,NA,NA,NA
TCD,Chad,1016.08880662712,20625711664.6472,NA,NA,20299123,NA,24.691,1,15.275359409769381,1137950195.3125,2931.57900890409,55.069,NA,NA,NA
CHI,Channel Islands,NA,NA,NA,NA,168126,NA,31.257,NA,NA,NA,NA,NA,NA,NA,NA
CHL,Chile,16709.8893972307,330267137371.592,NA,NA,19764771,NA,88.116,1,-36.07624655390582,NA,32801.3786378418,81.167,NA,NA,NA
CHN,China,13303.1481543868,18743803170827.2,NA,NA,1408975000,NA,65.544,0,36.69140669345146,-267158996.582031,25179.1193066383,77.953,NA,NA,NA
COL,Colombia,7913.98801464547,418542042920.189,NA,NA,52886363,NA,82.652,1,3.9034800533900924,1031310791.01563,20944.4883888657,77.725,NA,NA,NA
COM,Comoros,1784.11546860293,1546164420.32442,NA,NA,866628,NA,30.418,1,-11.877908568325992,166350936.889648,3902.7466596027,66.777,NA,NA,NA
COD,Democratic Republic of the Congo,647.435704836002,70749355652.1207,NA,NA,109276265,NA,48.055,1,-2.865488031406876,4347290527.34375,1616.46849175601,61.895,NA,NA,NA
COG,Republic of Congo,2482.24894743495,15719985776.3966,NA,NA,6332961,NA,69.638,1,-0.836992413922509,377500213.623047,6850.27770621099,65.772,NA,NA,NA
CRI,Costa Rica,18587.1532203614,95350423176.664,NA,NA,5129910,NA,83.167,1,9.976131265055056,144591003.417969,28075.1421722023,80.799,NA,NA,NA
CIV,Cote d'Ivoire,2709.89511641252,86538413923.3943,NA,NA,31934230,NA,53.644,1,7.625878368311423,2376327392.57813,7227.02911717075,61.944,NA,NA,NA
HRV,Croatia,23931.4528382746,92526176108.621,NA,NA,3866300,NA,58.945,0,45.07589276948463,NA,45602.8206836116,78.4731707317073,NA,NA,NA
CUB,Cuba,NA,NA,NA,NA,10979783,NA,77.657,1,21.637935340166706,167148452.758789,NA,78.085,NA,NA,NA
CUW,Curacao,NA,NA,NA,NA,155900,NA,89.033,NA,12.195518411346427,NA,30715.5728889069,76.8,NA,NA,NA
CYP,Cyprus,38654.16796875,36333022329.4981,NA,NA,1358282,NA,67.082,1,34.91708733807884,NA,57213.62109375,81.648,NA,NA,NA
CZE,Czechia,31706.6234229743,345036675975.047,NA,NA,10882164,NA,74.738,0,49.73799668128038,NA,53217.2191709182,79.8780487804878,NA,NA,NA
DNK,Denmark,71851.7562131368,429457372071.869,NA,NA,5976992,NA,88.626,0,55.97498217099483,NA,73737.4475447105,81.8536585365854,NA,NA,NA
DJI,Djibouti,3496.47111876763,4086402718.86834,NA,NA,1168722,NA,78.732,1,11.748306715529626,222374710.083008,7264.04490470983,65.987,NA,NA,NA
DMA,Dominica,10405.2787777582,688881481.481481,NA,NA,66205,NA,72.312,1,15.439435009185917,52636611.9384766,20285.9821663707,71.132,NA,NA,NA
DOM,Dominican Republic,10875.6618443092,124282245638.568,NA,NA,11427557,NA,85.011,1,18.895115553038405,663396301.269531,25839.9356687607,73.72,NA,NA,NA
EAR,Early-demographic dividend,4510.25268168449,16021674099781.5,NA,NA,3552278604,NA,47.5231454395816,NA,NA,NA,NA,NA,NA,NA,NA
EAS,East Asia & Pacific,13349.0833109152,31882663454356.9,NA,NA,2388378491,NA,63.7106156319769,NA,NA,NA,NA,NA,NA,NA,NA
EAP,East Asia & Pacific (excluding high income),10396.8255168912,22260874526758.1,NA,NA,2141122258,NA,60.8512427692917,NA,NA,NA,NA,NA,NA,NA,NA
TEA,East Asia & Pacific (IDA & IBRD countries),10513.9755660123,22233410782170.8,NA,NA,2114653077,NA,60.8184186324706,NA,NA,NA,NA,NA,NA,NA,NA
ECU,Ecuador,6874.705739766,124676074700,NA,NA,18135478,NA,65.029,1,-1.424109851653568,554708068.847656,15918.5162948773,77.392,NA,NA,NA
EGY,Egypt,3338.47371395895,389059911003.566,NA,NA,116538258,NA,43.258,1,26.459802903449802,480069641.113281,18524.8392997937,71.633,NA,NA,NA
SLV,El Salvador,5579.65969165029,35364960000,NA,NA,6338193,NA,75.996,1,13.739863723829261,498810394.287109,12679.5768752061,72.099,NA,NA,NA
GNQ,Equatorial Guinea,6745.40013244916,12765777677.0622,NA,NA,1892516,NA,74.874,1,1.7054056331507816,11663417.8161621,17411.500234384,63.707,NA,NA,NA
ERI,Eritrea,NA,NA,NA,NA,3535603,NA,43.911,1,15.361124461746678,129190628.051758,NA,68.624,NA,NA,NA
EST,Estonia,31170.0915091887,42764929169.3258,NA,NA,1371986,NA,70.019,0,58.6729024249373,NA,46790.2700170266,78.490243902439,NA,NA,NA
SWZ,Eswatini,3936.10969242371,4891883720.15742,NA,NA,1242822,NA,25.013,1,-26.557546489339305,110430183.410645,11322.2286283713,64.123,NA,NA,NA
ETH,Ethiopia,NA,NA,NA,NA,132059767,NA,23.661,0,8.614400650469033,5401845703.125,3060.9050300376002,67.315,NA,NA,NA
EMU,Euro area,46724.355622795,16406126934435.8,NA,NA,351125804,NA,78.2047154149856,NA,NA,NA,NA,NA,NA,NA,NA
ECS,Europe & Central Asia,31392.581963732,29146936906252.2,NA,NA,928465742,NA,73.5167743020799,NA,NA,NA,NA,NA,NA,NA,NA
ECA,Europe & Central Asia (excluding high income),9668.56270854153,2421839057172.22,NA,NA,250485944,NA,64.5629774408213,NA,NA,NA,NA,NA,NA,NA,NA
TEC,Europe & Central Asia (IDA & IBRD countries),13257.56545104,6097876994310.88,NA,NA,459954508,NA,67.3900474271569,NA,NA,NA,NA,NA,NA,NA,NA
EUU,European Union,43145.1566930223,19423319451330.3,NA,NA,450185396,NA,75.949283176978,NA,NA,NA,NA,NA,NA,NA,NA
FRO,Faroe Islands,NA,NA,NA,NA,54719,NA,43.206,NA,62.05226250844933,NA,78165.1753811838,83.1439024390244,NA,NA,NA
FJI,Fiji,6288.39867264416,5840564072.77313,NA,NA,928784,NA,59.192,1,-17.42754600958322,190190093.994141,15152.1377770174,67.316,NA,NA,NA
FIN,Finland,53188.6186245158,299835625550.781,NA,NA,5637214,NA,85.872,0,64.25513600002765,NA,61612.9423925582,81.6853658536585,NA,NA,NA
FCS,Fragile and conflict affected situations,1571.8004320986,1700322737099.85,NA,NA,1081767572,NA,45.2208730066018,NA,NA,NA,NA,NA,NA,NA,NA
FRA,France,46150.4876861593,3162079073495.78,NA,NA,68516699,NA,82.044,0,NA,NA,58317.828030698,82.9292682926829,NA,NA,NA
PYF,French Polynesia,NA,NA,NA,NA,281807,NA,62.42,NA,-14.71310787688225,NA,NA,84.07,NA,NA,NA
GAB,Gabon,8218.76307061848,20867044935.6729,NA,NA,2538952,NA,91.307,1,-0.5864465779017811,53148811.340332,20757.0723768613,68.337,NA,NA,NA
GMB,Gambia,908.525674150965,2507519958.34857,NA,NA,2759988,NA,65.08,1,13.450953489963174,343857177.734375,3254.37457760999,65.86,NA,NA,NA
GEO,Georgia,9193.66366361489,33776141250.5716,NA,NA,3673850,NA,61.162,0,42.172941984875564,365216949.462891,25071.9677264107,74.496,NA,NA,NA
DEU,Germany,55800.2194549412,4659929336890.62,NA,NA,83510950,NA,77.895,0,51.05057720039199,NA,68692.894466622,80.5414634146342,NA,NA,NA
GHA,Ghana,2405.79466378083,82825288888.9734,NA,NA,34427414,NA,59.854,1,7.947699712584653,1571978515.625,7556.41605453234,65.498,NA,NA,NA
GIB,Gibraltar,NA,NA,NA,NA,39329,NA,100,NA,NA,NA,NA,83.553,NA,NA,NA
GRC,Greece,24752.1068401681,257144811301.673,NA,NA,10388805,NA,80.984,0,39.047959603655926,NA,41181.9912164324,81.5365853658537,NA,NA,NA
GRL,Greenland,NA,NA,NA,NA,56836,NA,88.149,NA,73.08121534569094,NA,78840.5978395988,71.549756097561,NA,NA,NA
GRD,Grenada,11871.6117006031,1391435992.59259,NA,NA,117207,NA,37.267,1,12.117242437507342,38494625.0915527,19010.1841441188,75.205,NA,NA,NA
GUM,Guam,NA,NA,NA,NA,167777,NA,95.24,NA,13.441629384256666,NA,NA,77.209,NA,NA,NA
GTM,Guatemala,6150.02597767851,113199586004.477,NA,NA,18406359,NA,53.542,1,15.690119576851288,447018524.169922,13745.3625933533,72.602,NA,NA,NA
GIN,Guinea,1717.02318120779,25334307878.737,NA,NA,14754785,NA,38.517,1,10.437318748803067,531753295.898438,4333.74617312626,60.74,NA,NA,NA
GNB,Guinea-Bissau,962.983627901892,2119865935.24909,NA,NA,2201352,NA,45.893,1,12.047750788070472,188911605.834961,2907.14089122524,64.085,NA,NA,NA
GUY,Guyana,29883.6341152001,24835899825.8993,NA,NA,831087,NA,27.316,1,4.789642907600431,139789916.992188,54729.0365156366,70.18,NA,NA,NA
HTI,Haiti,2142.62330526788,25224154990.7946,NA,NA,11772557,NA,60.472,1,18.93457513645946,1077659423.82813,3281.21232071515,64.936,NA,NA,NA
HPC,Heavily indebted poor countries (HIPC),1202.76979412349,1132303151467.19,NA,NA,941413026,NA,39.0592030211583,NA,NA,NA,NA,NA,NA,NA,NA
NA,High income,50443.9276011316,71522995943824.2,NA,NA,1417871275,NA,81.3822975288008,NA,NA,NA,18432.9644601223,72.4446783578531,NA,NA,NA
NA,High income,50443.9276011316,71522995943824.2,NA,NA,1417871275,NA,81.3822975288008,NA,NA,259484140625,23048.6731395489,73.3297162833404,NA,NA,NA
NA,High income,50443.9276011316,71522995943824.2,NA,NA,1417871275,NA,81.3822975288008,NA,NA,10739873668.6707,21665.9223498968,75.8806830895266,NA,NA,NA
NA,High income,50443.9276011316,71522995943824.2,NA,NA,1417871275,NA,81.3822975288008,NA,NA,47008340833.6639,27292.7208949926,74.7987152767476,NA,NA,NA
NA,High income,50443.9276011316,71522995943824.2,NA,NA,1417871275,NA,81.3822975288008,NA,NA,10656686218.2617,10176.3569453945,72.3247648783903,NA,NA,NA
NA,High income,50443.9276011316,71522995943824.2,NA,NA,1417871275,NA,81.3822975288008,NA,NA,NA,46525.7532317562,77.8967836493153,NA,NA,NA
NA,High income,50443.9276011316,71522995943824.2,NA,NA,1417871275,NA,81.3822975288008,NA,NA,NA,59009.0194971078,81.4114503796876,NA,NA,NA
NA,High income,50443.9276011316,71522995943824.2,NA,NA,1417871275,NA,81.3822975288008,NA,NA,NA,5519.21522069884,63.3499447771075,NA,NA,NA
NA,High income,50443.9276011316,71522995943824.2,NA,NA,1417871275,NA,81.3822975288008,NA,NA,NA,NA,81.1,NA,NA,NA
NA,High income,50443.9276011316,71522995943824.2,NA,NA,1417871275,NA,81.3822975288008,NA,NA,NA,58425.9427122614,80.1615573011432,NA,NA,NA
NA,High income,50443.9276011316,71522995943824.2,NA,NA,1417871275,NA,81.3822975288008,NA,NA,NA,25816.1058270512,72.9007197557042,NA,NA,NA
NA,High income,50443.9276011316,71522995943824.2,NA,NA,1417871275,NA,81.3822975288008,NA,NA,NA,7981.84724804993,69.2745949035856,NA,NA,NA
NA,High income,50443.9276011316,71522995943824.2,NA,NA,1417871275,NA,81.3822975288008,NA,NA,NA,32739.1987908901,73.1716450013098,NA,NA,NA
NA,High income,50443.9276011316,71522995943824.2,NA,NA,1417871275,NA,81.3822975288008,NA,NA,NA,27108.7654473695,73.5646945094343,NA,NA,NA
NA,High income,50443.9276011316,71522995943824.2,NA,NA,1417871275,NA,81.3822975288008,NA,NA,NA,21800.8030597791,75.5699258379688,NA,NA,NA
NA,High income,50443.9276011316,71522995943824.2,NA,NA,1417871275,NA,81.3822975288008,NA,NA,NA,10743.7508741839,71.3194560888195,NA,NA,NA
NA,High income,50443.9276011316,71522995943824.2,NA,NA,1417871275,NA,81.3822975288008,NA,NA,NA,21909.4340920949,75.9085643603807,NA,NA,NA
NA,High income,50443.9276011316,71522995943824.2,NA,NA,1417871275,NA,81.3822975288008,NA,NA,NA,10176.3569453945,72.3247648783903,NA,NA,NA
NA,High income,50443.9276011316,71522995943824.2,NA,NA,1417871275,NA,81.3822975288008,NA,NA,NA,4779.42624854992,62.6029134885664,NA,NA,NA
NA,High income,50443.9276011316,71522995943824.2,NA,NA,1417871275,NA,81.3822975288008,NA,NA,NA,35472.5783563845,74.7300564025194,NA,NA,NA
NA,High income,50443.9276011316,71522995943824.2,NA,NA,1417871275,NA,81.3822975288008,NA,NA,NA,4504.00631059724,62.1636298902791,NA,NA,NA
NA,High income,50443.9276011316,71522995943824.2,NA,NA,1417871275,NA,81.3822975288008,NA,NA,NA,13167.7845806137,71.7962449795855,NA,NA,NA
NA,High income,50443.9276011316,71522995943824.2,NA,NA,1417871275,NA,81.3822975288008,NA,NA,NA,26380.309067374,77.130120543495,NA,NA,NA
NA,High income,50443.9276011316,71522995943824.2,NA,NA,1417871275,NA,81.3822975288008,NA,NA,NA,64285.7200654777,80.8228346378274,NA,NA,NA
NA,High income,50443.9276011316,71522995943824.2,NA,NA,1417871275,NA,81.3822975288008,NA,NA,NA,61462.8020775177,82.1920076156423,NA,NA,NA
NA,High income,50443.9276011316,71522995943824.2,NA,NA,1417871275,NA,81.3822975288008,NA,NA,760932168.960571,63267.8804349237,80.1500151183354,NA,NA,NA
NA,High income,50443.9276011316,71522995943824.2,NA,NA,1417871275,NA,81.3822975288008,NA,NA,NA,3409.52476815903,64.7159054177481,NA,NA,NA
NA,High income,50443.9276011316,71522995943824.2,NA,NA,1417871275,NA,81.3822975288008,NA,NA,NA,19744.2369234195,74.5209699459191,NA,NA,NA
NA,High income,50443.9276011316,71522995943824.2,NA,NA,1417871275,NA,81.3822975288008,NA,NA,NA,5131.09385547711,65.4535223135408,NA,NA,NA
NA,High income,50443.9276011316,71522995943824.2,NA,NA,1417871275,NA,81.3822975288008,NA,NA,NA,6403.94488378322,62.4621643327349,NA,NA,NA
NA,High income,50443.9276011316,71522995943824.2,NA,NA,1417871275,NA,81.3822975288008,NA,NA,NA,4469.68598577713,67.0538318903115,NA,NA,NA
NA,High income,50443.9276011316,71522995943824.2,NA,NA,1417871275,NA,81.3822975288008,NA,NA,10752129661.5601,20919.0897897341,75.4986013301866,NA,NA,NA
NA,High income,50443.9276011316,71522995943824.2,NA,NA,1417871275,NA,81.3822975288008,NA,NA,402262634.277344,15804.4065754058,78.033,NA,NA,NA
NA,High income,50443.9276011316,71522995943824.2,NA,NA,1417871275,NA,81.3822975288008,NA,NA,NA,4219.8902376216,66.5161002597788,NA,NA,NA
NA,High income,50443.9276011316,71522995943824.2,NA,NA,1417871275,NA,81.3822975288008,NA,NA,44640685851.0971,2265.38657036007,64.5178957936853,NA,NA,NA
NA,High income,50443.9276011316,71522995943824.2,NA,NA,1417871275,NA,81.3822975288008,NA,NA,59241301612.854,9377.30952462433,69.5963746571515,NA,NA,NA
NA,High income,50443.9276011316,71522995943824.2,NA,NA,1417871275,NA,81.3822975288008,NA,NA,251922406250,14750.9104066302,71.9740048771462,NA,NA,NA
NA,High income,50443.9276011316,71522995943824.2,NA,NA,1417871275,NA,81.3822975288008,NA,NA,118616398437.5,16044.2519341124,72.7431938727471,NA,NA,NA
NA,High income,50443.9276011316,71522995943824.2,NA,NA,1417871275,NA,81.3822975288008,NA,NA,35115699150.0854,10708.7332432852,71.2758849884582,NA,NA,NA
NA,High income,50443.9276011316,71522995943824.2,NA,NA,1417871275,NA,81.3822975288008,NA,NA,57444107072.8302,23343.4547797066,76.1953051028563,NA,NA,NA
NA,High income,50443.9276011316,71522995943824.2,NA,NA,1417871275,NA,81.3822975288008,NA,NA,0,80412.925454132,78.7328213732191,NA,NA,NA
NA,High income,50443.9276011316,71522995943824.2,NA,NA,1417871275,NA,81.3822975288008,NA,NA,NA,NA,NA,NA,NA,NA
NA,High income,50443.9276011316,71522995943824.2,NA,NA,1417871275,NA,81.3822975288008,NA,NA,10739873668.6707,25448.2236118124,76.6595183258032,NA,NA,NA
NA,High income,50443.9276011316,71522995943824.2,NA,NA,1417871275,NA,81.3822975288008,NA,NA,47008340833.6639,48825.4307601727,78.3870183177038,NA,NA,NA
NA,High income,50443.9276011316,71522995943824.2,NA,NA,1417871275,NA,81.3822975288008,NA,NA,64836446620.9412,4971.50597955885,62.0654798813283,NA,NA,NA
NA,High income,50443.9276011316,71522995943824.2,NA,NA,1417871275,NA,81.3822975288008,NA,NA,64836446620.9412,4779.42624854992,62.6029134885664,NA,NA,NA
NA,High income,50443.9276011316,71522995943824.2,NA,NA,1417871275,NA,81.3822975288008,NA,NA,NA,4352.49089719712,65.146290855385,NA,NA,NA
NA,High income,50443.9276011316,71522995943824.2,NA,NA,1417871275,NA,81.3822975288008,NA,NA,NA,5408.01324637995,58.8557215483276,NA,NA,NA
NA,High income,50443.9276011316,71522995943824.2,NA,NA,1417871275,NA,81.3822975288008,NA,NA,10752129661.5601,21909.539508337,75.6435293327332,NA,NA,NA
NA,High income,50443.9276011316,71522995943824.2,NA,NA,1417871275,NA,81.3822975288008,NA,NA,35115699150.0854,15606.5739957707,72.0839412410497,NA,NA,NA
NA,High income,50443.9276011316,71522995943824.2,NA,NA,1417871275,NA,81.3822975288008,NA,NA,NA,15679.8465405193,72.0008209186498,NA,NA,NA
HND,Honduras,3426.43483328923,37093565854.0437,NA,NA,10825703,NA,60.818,1,14.829080278153802,550766601.5625,7178.33906781522,72.884,NA,NA,NA
HKG,"Hong Kong SAR, China",54107.034521746,407106738445.069,NA,NA,7524100,NA,100,NA,22.398260914215953,NA,71505.8515687194,85.2473170731707,NA,NA,NA
HUN,Hungary,23310.7512733957,222904723252.11,NA,NA,9562314,NA,73.179,0,47.1659125111368,NA,45367.5983545254,76.7707317073171,NA,NA,NA
IBD,IBRD only,8253.9212527553591,41102217227752.3,NA,NA,4979720059,NA,58.51006436089,NA,NA,NA,NA,NA,NA,NA,NA
ISL,Iceland,82703.8579937471,33462807982.85,NA,NA,404610,NA,94.094,0,64.99788412769288,NA,76666.6420841189,82.6073170731707,NA,NA,NA
IBT,IDA & IBRD total,6340.63327027503,43918119394039.4,NA,NA,6926456321,NA,53.3036885100507,NA,NA,NA,NA,NA,NA,NA,NA
IDB,IDA blend,1565.83627113068,1060004843955.22,NA,NA,676957651,NA,45.5233364103481,NA,NA,NA,NA,NA,NA,NA,NA
IDX,IDA only,1387.92937311476,1762363031559.76,NA,NA,1269778611,NA,37.0140733608173,NA,NA,NA,NA,NA,NA,NA,NA
IDA,IDA total,1441.90853142035,2807015624603.16,NA,NA,1946736262,NA,39.9754060039184,NA,NA,NA,NA,NA,NA,NA,NA
IND,India,2696.66389984463,3912686168582.21,NA,NA,1450935791,NA,36.867,1,22.77664303960867,2376562011.71875,10323.4998734428,72.003,NA,NA,NA
IDN,Indonesia,4925.43048751861,1396300098190.97,NA,NA,283487931,NA,59.204,1,-2.2640678135827765,1155079467.77344,15415.7079259527,71.146,NA,NA,NA
IRN,Iran (Islamic Republic of),4771.40029026226,436906331671.859,NA,NA,91567738,NA,77.698,0,32.52733594154731,240743408.203125,17659.8738760715,77.654,NA,NA,NA
IRQ,Iraq,6073.61032342708,279641257615.385,NA,NA,46042015,NA,71.853,1,33.00966640245123,2007466674.80469,14652.5212399212,72.324,NA,NA,NA
IRL,Ireland,107316.337306921,577389475009.922,NA,NA,5380257,NA,64.76,0,53.16253307647907,NA,124900.938635241,82.8609756097561,NA,NA,NA
IMN,Isle of Man,NA,NA,NA,NA,84160,NA,53.708,NA,54.22409591387426,NA,NA,80.999,NA,NA,NA
ISR,Israel,54176.6844383302,540379921261.681,NA,NA,9974400,NA,92.946,1,31.432978642252852,NA,53401.1782301902,83.1951219512195,NA,NA,NA
ITA,Italy,40226.0472416173,2372774547793.12,NA,NA,58986023,NA,72.292,0,42.71568614580387,NA,57893.4083587152,83.7,NA,NA,NA
JAM,Jamaica,7019.74634780454,19930288337.028,NA,NA,2839175,NA,57.762,1,18.157450872676606,86414985.6567383,11466.9713343644,71.479,NA,NA,NA
JPN,Japan,32475.8924992191,4026210821146.81,NA,NA,123975371,NA,92.134,0,37.46088047559287,NA,49896.6436902018,84.0412195121951,NA,NA,NA
JOR,Jordan,4618.09592498567,53352289577.4648,NA,NA,11552876,NA,92.206,1,31.238702641837445,2834251464.84375,10411.8416152967,77.814,NA,NA,NA
KAZ,Kazakhstan,14005.3487362345,288406138230.669,NA,NA,20592571,NA,58.387,0,48.36167091449599,79082290.6494141,38515.1836010946,74.402,NA,NA,NA
KEN,Kenya,2206.1349785176,124498691699.125,NA,NA,56432944,NA,30.049,1,0.5994488365065361,2595822998.04688,6307.23249419302,63.646,NA,NA,NA
KIR,Kiribati,2288.63458265531,307862546.789627,NA,NA,134518,NA,58.448,1,0.8929008088600912,98323959.3505859,3485.558083114,66.473,NA,NA,NA
PRK,"Korea, Dem. People's Rep.",NA,NA,NA,NA,26498823,NA,63.503,0,40.140074272879325,14424407.0053101,NA,73.642,NA,NA,NA
KOR,"Korea, Rep.",NA,NA,NA,NA,51751065,NA,81.498,0,36.373367227329716,NA,52203.9685660494,83.4292682926829,NA,NA,NA
XKX,Kosovo,7299.43498083118,11148602232.663,NA,NA,1527324,NA,NA,NA,NA,NA,NA,NA,NA,NA,NA
KWT,Kuwait,32213.8622292316,160227273001.348,NA,NA,4973861,NA,100,1,29.333278575182295,NA,53025.4711387824,83.1878048780488,NA,NA,NA
KGZ,Kyrgyz Republic,2419.26553574523,17478259659.2625,NA,NA,7224614,NA,38.166,0,41.474310359543225,440522277.832031,7298.08612561933,72.2487804878049,NA,NA,NA
LAO,Lao PDR,2123.97909411797,16502933121.0806,NA,NA,7769819,NA,38.906,1,18.4874182025194,514838562.011719,9291.78859001138,68.964,NA,NA,NA
LTE,Late-demographic dividend,12843.3344406811,29910723278948.7,NA,NA,2328890789,NA,67.1157081306765,NA,NA,NA,NA,NA,NA,NA,NA
LCN,Latin America & Caribbean,11044.6796556507,7313631690222.71,NA,NA,662185950,NA,82.0375662207342,NA,NA,NA,NA,NA,NA,NA,NA
LAC,Latin America & Caribbean (excluding high income),10344.66889924,6146374383733.38,NA,NA,594158638,NA,81.6454505574133,NA,NA,NA,NA,NA,NA,NA,NA
TLA,Latin America & the Caribbean (IDA & IBRD countries),10784.3171528207,6977493595927.05,NA,NA,647003746,NA,82.0533140211896,NA,NA,NA,NA,NA,NA,NA,NA
LVA,Latvia,23367.5986788961,43520773851.1219,NA,NA,1862441,NA,68.815,0,56.85952164578425,NA,41810.0065349083,75.6780487804878,NA,NA,NA
LDC,Least developed countries: UN classification,1258.9400116614,1495340734264.69,NA,NA,1187777591,NA,36.9801086492437,NA,NA,NA,NA,NA,NA,NA,NA
LBN,Lebanon,NA,NA,NA,NA,5805962,NA,89.603,1,33.92159886822575,1747103271.48438,12574.8329116403,77.817,NA,NA,NA
LSO,Lesotho,971.814620468788,2271541845.62002,NA,NA,2337423,NA,30.897,1,-29.5790637000742,172315887.451172,2880.96631005119,57.375,NA,NA,NA
LBR,Liberia,846.277368387389,4750000000,NA,NA,5612817,NA,54.077,0,6.451957665318154,562641967.773438,1794.53340863362,62.163,NA,NA,NA
LBY,Libya,6318.40314031017,46636278901.9016,NA,NA,7381023,NA,81.907,1,27.016716392720845,359675231.933594,13848.7950025506,69.339,NA,NA,NA
LIE,Liechtenstein,NA,NA,NA,NA,40197,NA,14.707,0,47.13662659386299,NA,NA,84.8414634146342,NA,NA,NA
LTU,Lithuania,29386.2878350187,84869215513.3648,NA,NA,2888055,NA,68.936,0,55.32377006198488,NA,50914.8638146665,76.9878048780488,NA,NA,NA
LMY,Low & middle income,5974.80452228263,39216943108499.1,NA,NA,6563719861,NA,53.1355985988779,NA,NA,NA,NA,NA,NA,NA,NA
NA,Low income,746.934788844338,466541517790.093,NA,NA,624608098,NA,38.1296595552384,NA,NA,NA,18432.9644601223,72.4446783578531,NA,NA,NA
NA,Low income,746.934788844338,466541517790.093,NA,NA,624608098,NA,38.1296595552384,NA,NA,259484140625,23048.6731395489,73.3297162833404,NA,NA,NA
NA,Low income,746.934788844338,466541517790.093,NA,NA,624608098,NA,38.1296595552384,NA,NA,10739873668.6707,21665.9223498968,75.8806830895266,NA,NA,NA
NA,Low income,746.934788844338,466541517790.093,NA,NA,624608098,NA,38.1296595552384,NA,NA,47008340833.6639,27292.7208949926,74.7987152767476,NA,NA,NA
NA,Low income,746.934788844338,466541517790.093,NA,NA,624608098,NA,38.1296595552384,NA,NA,10656686218.2617,10176.3569453945,72.3247648783903,NA,NA,NA
NA,Low income,746.934788844338,466541517790.093,NA,NA,624608098,NA,38.1296595552384,NA,NA,NA,46525.7532317562,77.8967836493153,NA,NA,NA
NA,Low income,746.934788844338,466541517790.093,NA,NA,624608098,NA,38.1296595552384,NA,NA,NA,59009.0194971078,81.4114503796876,NA,NA,NA
NA,Low income,746.934788844338,466541517790.093,NA,NA,624608098,NA,38.1296595552384,NA,NA,NA,5519.21522069884,63.3499447771075,NA,NA,NA
NA,Low income,746.934788844338,466541517790.093,NA,NA,624608098,NA,38.1296595552384,NA,NA,NA,NA,81.1,NA,NA,NA
NA,Low income,746.934788844338,466541517790.093,NA,NA,624608098,NA,38.1296595552384,NA,NA,NA,58425.9427122614,80.1615573011432,NA,NA,NA
NA,Low income,746.934788844338,466541517790.093,NA,NA,624608098,NA,38.1296595552384,NA,NA,NA,25816.1058270512,72.9007197557042,NA,NA,NA
NA,Low income,746.934788844338,466541517790.093,NA,NA,624608098,NA,38.1296595552384,NA,NA,NA,7981.84724804993,69.2745949035856,NA,NA,NA
NA,Low income,746.934788844338,466541517790.093,NA,NA,624608098,NA,38.1296595552384,NA,NA,NA,32739.1987908901,73.1716450013098,NA,NA,NA
NA,Low income,746.934788844338,466541517790.093,NA,NA,624608098,NA,38.1296595552384,NA,NA,NA,27108.7654473695,73.5646945094343,NA,NA,NA
NA,Low income,746.934788844338,466541517790.093,NA,NA,624608098,NA,38.1296595552384,NA,NA,NA,21800.8030597791,75.5699258379688,NA,NA,NA
NA,Low income,746.934788844338,466541517790.093,NA,NA,624608098,NA,38.1296595552384,NA,NA,NA,10743.7508741839,71.3194560888195,NA,NA,NA
NA,Low income,746.934788844338,466541517790.093,NA,NA,624608098,NA,38.1296595552384,NA,NA,NA,21909.4340920949,75.9085643603807,NA,NA,NA
NA,Low income,746.934788844338,466541517790.093,NA,NA,624608098,NA,38.1296595552384,NA,NA,NA,10176.3569453945,72.3247648783903,NA,NA,NA
NA,Low income,746.934788844338,466541517790.093,NA,NA,624608098,NA,38.1296595552384,NA,NA,NA,4779.42624854992,62.6029134885664,NA,NA,NA
NA,Low income,746.934788844338,466541517790.093,NA,NA,624608098,NA,38.1296595552384,NA,NA,NA,35472.5783563845,74.7300564025194,NA,NA,NA
NA,Low income,746.934788844338,466541517790.093,NA,NA,624608098,NA,38.1296595552384,NA,NA,NA,4504.00631059724,62.1636298902791,NA,NA,NA
NA,Low income,746.934788844338,466541517790.093,NA,NA,624608098,NA,38.1296595552384,NA,NA,NA,13167.7845806137,71.7962449795855,NA,NA,NA
NA,Low income,746.934788844338,466541517790.093,NA,NA,624608098,NA,38.1296595552384,NA,NA,NA,26380.309067374,77.130120543495,NA,NA,NA
NA,Low income,746.934788844338,466541517790.093,NA,NA,624608098,NA,38.1296595552384,NA,NA,NA,64285.7200654777,80.8228346378274,NA,NA,NA
NA,Low income,746.934788844338,466541517790.093,NA,NA,624608098,NA,38.1296595552384,NA,NA,NA,61462.8020775177,82.1920076156423,NA,NA,NA
NA,Low income,746.934788844338,466541517790.093,NA,NA,624608098,NA,38.1296595552384,NA,NA,760932168.960571,63267.8804349237,80.1500151183354,NA,NA,NA
NA,Low income,746.934788844338,466541517790.093,NA,NA,624608098,NA,38.1296595552384,NA,NA,NA,3409.52476815903,64.7159054177481,NA,NA,NA
NA,Low income,746.934788844338,466541517790.093,NA,NA,624608098,NA,38.1296595552384,NA,NA,NA,19744.2369234195,74.5209699459191,NA,NA,NA
NA,Low income,746.934788844338,466541517790.093,NA,NA,624608098,NA,38.1296595552384,NA,NA,NA,5131.09385547711,65.4535223135408,NA,NA,NA
NA,Low income,746.934788844338,466541517790.093,NA,NA,624608098,NA,38.1296595552384,NA,NA,NA,6403.94488378322,62.4621643327349,NA,NA,NA
NA,Low income,746.934788844338,466541517790.093,NA,NA,624608098,NA,38.1296595552384,NA,NA,NA,4469.68598577713,67.0538318903115,NA,NA,NA
NA,Low income,746.934788844338,466541517790.093,NA,NA,624608098,NA,38.1296595552384,NA,NA,10752129661.5601,20919.0897897341,75.4986013301866,NA,NA,NA
NA,Low income,746.934788844338,466541517790.093,NA,NA,624608098,NA,38.1296595552384,NA,NA,402262634.277344,15804.4065754058,78.033,NA,NA,NA
NA,Low income,746.934788844338,466541517790.093,NA,NA,624608098,NA,38.1296595552384,NA,NA,NA,4219.8902376216,66.5161002597788,NA,NA,NA
NA,Low income,746.934788844338,466541517790.093,NA,NA,624608098,NA,38.1296595552384,NA,NA,44640685851.0971,2265.38657036007,64.5178957936853,NA,NA,NA
NA,Low income,746.934788844338,466541517790.093,NA,NA,624608098,NA,38.1296595552384,NA,NA,59241301612.854,9377.30952462433,69.5963746571515,NA,NA,NA
NA,Low income,746.934788844338,466541517790.093,NA,NA,624608098,NA,38.1296595552384,NA,NA,251922406250,14750.9104066302,71.9740048771462,NA,NA,NA
NA,Low income,746.934788844338,466541517790.093,NA,NA,624608098,NA,38.1296595552384,NA,NA,118616398437.5,16044.2519341124,72.7431938727471,NA,NA,NA
NA,Low income,746.934788844338,466541517790.093,NA,NA,624608098,NA,38.1296595552384,NA,NA,35115699150.0854,10708.7332432852,71.2758849884582,NA,NA,NA
NA,Low income,746.934788844338,466541517790.093,NA,NA,624608098,NA,38.1296595552384,NA,NA,57444107072.8302,23343.4547797066,76.1953051028563,NA,NA,NA
NA,Low income,746.934788844338,466541517790.093,NA,NA,624608098,NA,38.1296595552384,NA,NA,0,80412.925454132,78.7328213732191,NA,NA,NA
NA,Low income,746.934788844338,466541517790.093,NA,NA,624608098,NA,38.1296595552384,NA,NA,NA,NA,NA,NA,NA,NA
NA,Low income,746.934788844338,466541517790.093,NA,NA,624608098,NA,38.1296595552384,NA,NA,10739873668.6707,25448.2236118124,76.6595183258032,NA,NA,NA
NA,Low income,746.934788844338,466541517790.093,NA,NA,624608098,NA,38.1296595552384,NA,NA,47008340833.6639,48825.4307601727,78.3870183177038,NA,NA,NA
NA,Low income,746.934788844338,466541517790.093,NA,NA,624608098,NA,38.1296595552384,NA,NA,64836446620.9412,4971.50597955885,62.0654798813283,NA,NA,NA
NA,Low income,746.934788844338,466541517790.093,NA,NA,624608098,NA,38.1296595552384,NA,NA,64836446620.9412,4779.42624854992,62.6029134885664,NA,NA,NA
NA,Low income,746.934788844338,466541517790.093,NA,NA,624608098,NA,38.1296595552384,NA,NA,NA,4352.49089719712,65.146290855385,NA,NA,NA
NA,Low income,746.934788844338,466541517790.093,NA,NA,624608098,NA,38.1296595552384,NA,NA,NA,5408.01324637995,58.8557215483276,NA,NA,NA
NA,Low income,746.934788844338,466541517790.093,NA,NA,624608098,NA,38.1296595552384,NA,NA,10752129661.5601,21909.539508337,75.6435293327332,NA,NA,NA
NA,Low income,746.934788844338,466541517790.093,NA,NA,624608098,NA,38.1296595552384,NA,NA,35115699150.0854,15606.5739957707,72.0839412410497,NA,NA,NA
NA,Low income,746.934788844338,466541517790.093,NA,NA,624608098,NA,38.1296595552384,NA,NA,NA,15679.8465405193,72.0008209186498,NA,NA,NA
NA,Lower middle income,2517.63261211924,7857490239272,NA,NA,3120983658,NA,41.5092867783328,NA,NA,NA,18432.9644601223,72.4446783578531,NA,NA,NA
NA,Lower middle income,2517.63261211924,7857490239272,NA,NA,3120983658,NA,41.5092867783328,NA,NA,259484140625,23048.6731395489,73.3297162833404,NA,NA,NA
NA,Lower middle income,2517.63261211924,7857490239272,NA,NA,3120983658,NA,41.5092867783328,NA,NA,10739873668.6707,21665.9223498968,75.8806830895266,NA,NA,NA
NA,Lower middle income,2517.63261211924,7857490239272,NA,NA,3120983658,NA,41.5092867783328,NA,NA,47008340833.6639,27292.7208949926,74.7987152767476,NA,NA,NA
NA,Lower middle income,2517.63261211924,7857490239272,NA,NA,3120983658,NA,41.5092867783328,NA,NA,10656686218.2617,10176.3569453945,72.3247648783903,NA,NA,NA
NA,Lower middle income,2517.63261211924,7857490239272,NA,NA,3120983658,NA,41.5092867783328,NA,NA,NA,46525.7532317562,77.8967836493153,NA,NA,NA
NA,Lower middle income,2517.63261211924,7857490239272,NA,NA,3120983658,NA,41.5092867783328,NA,NA,NA,59009.0194971078,81.4114503796876,NA,NA,NA
NA,Lower middle income,2517.63261211924,7857490239272,NA,NA,3120983658,NA,41.5092867783328,NA,NA,NA,5519.21522069884,63.3499447771075,NA,NA,NA
NA,Lower middle income,2517.63261211924,7857490239272,NA,NA,3120983658,NA,41.5092867783328,NA,NA,NA,NA,81.1,NA,NA,NA
NA,Lower middle income,2517.63261211924,7857490239272,NA,NA,3120983658,NA,41.5092867783328,NA,NA,NA,58425.9427122614,80.1615573011432,NA,NA,NA
NA,Lower middle income,2517.63261211924,7857490239272,NA,NA,3120983658,NA,41.5092867783328,NA,NA,NA,25816.1058270512,72.9007197557042,NA,NA,NA
NA,Lower middle income,2517.63261211924,7857490239272,NA,NA,3120983658,NA,41.5092867783328,NA,NA,NA,7981.84724804993,69.2745949035856,NA,NA,NA
NA,Lower middle income,2517.63261211924,7857490239272,NA,NA,3120983658,NA,41.5092867783328,NA,NA,NA,32739.1987908901,73.1716450013098,NA,NA,NA
NA,Lower middle income,2517.63261211924,7857490239272,NA,NA,3120983658,NA,41.5092867783328,NA,NA,NA,27108.7654473695,73.5646945094343,NA,NA,NA
NA,Lower middle income,2517.63261211924,7857490239272,NA,NA,3120983658,NA,41.5092867783328,NA,NA,NA,21800.8030597791,75.5699258379688,NA,NA,NA
NA,Lower middle income,2517.63261211924,7857490239272,NA,NA,3120983658,NA,41.5092867783328,NA,NA,NA,10743.7508741839,71.3194560888195,NA,NA,NA
NA,Lower middle income,2517.63261211924,7857490239272,NA,NA,3120983658,NA,41.5092867783328,NA,NA,NA,21909.4340920949,75.9085643603807,NA,NA,NA
NA,Lower middle income,2517.63261211924,7857490239272,NA,NA,3120983658,NA,41.5092867783328,NA,NA,NA,10176.3569453945,72.3247648783903,NA,NA,NA
NA,Lower middle income,2517.63261211924,7857490239272,NA,NA,3120983658,NA,41.5092867783328,NA,NA,NA,4779.42624854992,62.6029134885664,NA,NA,NA
NA,Lower middle income,2517.63261211924,7857490239272,NA,NA,3120983658,NA,41.5092867783328,NA,NA,NA,35472.5783563845,74.7300564025194,NA,NA,NA
NA,Lower middle income,2517.63261211924,7857490239272,NA,NA,3120983658,NA,41.5092867783328,NA,NA,NA,4504.00631059724,62.1636298902791,NA,NA,NA
NA,Lower middle income,2517.63261211924,7857490239272,NA,NA,3120983658,NA,41.5092867783328,NA,NA,NA,13167.7845806137,71.7962449795855,NA,NA,NA
NA,Lower middle income,2517.63261211924,7857490239272,NA,NA,3120983658,NA,41.5092867783328,NA,NA,NA,26380.309067374,77.130120543495,NA,NA,NA
NA,Lower middle income,2517.63261211924,7857490239272,NA,NA,3120983658,NA,41.5092867783328,NA,NA,NA,64285.7200654777,80.8228346378274,NA,NA,NA
NA,Lower middle income,2517.63261211924,7857490239272,NA,NA,3120983658,NA,41.5092867783328,NA,NA,NA,61462.8020775177,82.1920076156423,NA,NA,NA
NA,Lower middle income,2517.63261211924,7857490239272,NA,NA,3120983658,NA,41.5092867783328,NA,NA,760932168.960571,63267.8804349237,80.1500151183354,NA,NA,NA
NA,Lower middle income,2517.63261211924,7857490239272,NA,NA,3120983658,NA,41.5092867783328,NA,NA,NA,3409.52476815903,64.7159054177481,NA,NA,NA
NA,Lower middle income,2517.63261211924,7857490239272,NA,NA,3120983658,NA,41.5092867783328,NA,NA,NA,19744.2369234195,74.5209699459191,NA,NA,NA
NA,Lower middle income,2517.63261211924,7857490239272,NA,NA,3120983658,NA,41.5092867783328,NA,NA,NA,5131.09385547711,65.4535223135408,NA,NA,NA
NA,Lower middle income,2517.63261211924,7857490239272,NA,NA,3120983658,NA,41.5092867783328,NA,NA,NA,6403.94488378322,62.4621643327349,NA,NA,NA
NA,Lower middle income,2517.63261211924,7857490239272,NA,NA,3120983658,NA,41.5092867783328,NA,NA,NA,4469.68598577713,67.0538318903115,NA,NA,NA
NA,Lower middle income,2517.63261211924,7857490239272,NA,NA,3120983658,NA,41.5092867783328,NA,NA,10752129661.5601,20919.0897897341,75.4986013301866,NA,NA,NA
NA,Lower middle income,2517.63261211924,7857490239272,NA,NA,3120983658,NA,41.5092867783328,NA,NA,402262634.277344,15804.4065754058,78.033,NA,NA,NA
NA,Lower middle income,2517.63261211924,7857490239272,NA,NA,3120983658,NA,41.5092867783328,NA,NA,NA,4219.8902376216,66.5161002597788,NA,NA,NA
NA,Lower middle income,2517.63261211924,7857490239272,NA,NA,3120983658,NA,41.5092867783328,NA,NA,44640685851.0971,2265.38657036007,64.5178957936853,NA,NA,NA
NA,Lower middle income,2517.63261211924,7857490239272,NA,NA,3120983658,NA,41.5092867783328,NA,NA,59241301612.854,9377.30952462433,69.5963746571515,NA,NA,NA
NA,Lower middle income,2517.63261211924,7857490239272,NA,NA,3120983658,NA,41.5092867783328,NA,NA,251922406250,14750.9104066302,71.9740048771462,NA,NA,NA
NA,Lower middle income,2517.63261211924,7857490239272,NA,NA,3120983658,NA,41.5092867783328,NA,NA,118616398437.5,16044.2519341124,72.7431938727471,NA,NA,NA
NA,Lower middle income,2517.63261211924,7857490239272,NA,NA,3120983658,NA,41.5092867783328,NA,NA,35115699150.0854,10708.7332432852,71.2758849884582,NA,NA,NA
NA,Lower middle income,2517.63261211924,7857490239272,NA,NA,3120983658,NA,41.5092867783328,NA,NA,57444107072.8302,23343.4547797066,76.1953051028563,NA,NA,NA
NA,Lower middle income,2517.63261211924,7857490239272,NA,NA,3120983658,NA,41.5092867783328,NA,NA,0,80412.925454132,78.7328213732191,NA,NA,NA
NA,Lower middle income,2517.63261211924,7857490239272,NA,NA,3120983658,NA,41.5092867783328,NA,NA,NA,NA,NA,NA,NA,NA
NA,Lower middle income,2517.63261211924,7857490239272,NA,NA,3120983658,NA,41.5092867783328,NA,NA,10739873668.6707,25448.2236118124,76.6595183258032,NA,NA,NA
NA,Lower middle income,2517.63261211924,7857490239272,NA,NA,3120983658,NA,41.5092867783328,NA,NA,47008340833.6639,48825.4307601727,78.3870183177038,NA,NA,NA
NA,Lower middle income,2517.63261211924,7857490239272,NA,NA,3120983658,NA,41.5092867783328,NA,NA,64836446620.9412,4971.50597955885,62.0654798813283,NA,NA,NA
NA,Lower middle income,2517.63261211924,7857490239272,NA,NA,3120983658,NA,41.5092867783328,NA,NA,64836446620.9412,4779.42624854992,62.6029134885664,NA,NA,NA
NA,Lower middle income,2517.63261211924,7857490239272,NA,NA,3120983658,NA,41.5092867783328,NA,NA,NA,4352.49089719712,65.146290855385,NA,NA,NA
NA,Lower middle income,2517.63261211924,7857490239272,NA,NA,3120983658,NA,41.5092867783328,NA,NA,NA,5408.01324637995,58.8557215483276,NA,NA,NA
NA,Lower middle income,2517.63261211924,7857490239272,NA,NA,3120983658,NA,41.5092867783328,NA,NA,10752129661.5601,21909.539508337,75.6435293327332,NA,NA,NA
NA,Lower middle income,2517.63261211924,7857490239272,NA,NA,3120983658,NA,41.5092867783328,NA,NA,35115699150.0854,15606.5739957707,72.0839412410497,NA,NA,NA
NA,Lower middle income,2517.63261211924,7857490239272,NA,NA,3120983658,NA,41.5092867783328,NA,NA,NA,15679.8465405193,72.0008209186498,NA,NA,NA
LUX,Luxembourg,137516.587324367,93197329011.7078,NA,NA,677717,NA,92.266,0,49.76678237167175,NA,142424.729887278,83.3585365853659,NA,NA,NA
MAC,"Macao SAR, China",73046.8890267079,50183212761.3484,NA,NA,687000,NA,100,NA,22.223117554311308,NA,116491.377161798,83.1804878048781,NA,NA,NA
MDG,Madagascar,544.997302693127,17420814800.7045,NA,NA,31964956,NA,41.231,1,-19.31648369857136,1253593261.71875,1808.44779037914,63.632,NA,NA,NA
MWI,Malawi,508.371273531708,11008925322.5134,NA,NA,21655286,NA,18.598,1,-13.204425371177713,1731495849.60938,1829.5076892538,67.353,NA,NA,NA
MYS,Malaysia,11867.2586435443,421972102253.57,NA,NA,35557673,NA,79.201,1,3.811140433067237,6578659.05761719,36416.5401853099,76.657,NA,NA,NA
MDV,Maldives,13215.5353637008,6975146349.42592,NA,NA,527799,NA,42.407,1,3.7284611744052643,200507659.912109,24735.0754339022,81.041,NA,NA,NA
MLI,Mali,1086.1762176779,26588067731.1692,NA,NA,24478595,NA,46.934,1,17.31513901451203,1292478637.69531,3168.41334714498,60.439,NA,NA,NA
MLT,Malta,42347.3073860173,24322006607.9295,NA,NA,574346,NA,95.006,0,35.92147212267087,NA,63084.7078352628,83.5073170731707,NA,NA,NA
MHL,Marshall Islands,7466.65186507409,280357844.229802,NA,NA,37548,NA,79.208,1,7.00279122625452,126128410.339355,7532.17477322204,66.945,NA,NA,NA
MRT,Mauritania,2082.78374423714,10766731873.5407,NA,NA,5169395,NA,58.458,1,20.22069376776787,419490051.269531,6946.19393340541,68.484,NA,NA,NA
MUS,Mauritius,11871.733679438,14952555414.8553,NA,NA,1259509,NA,40.944,1,-20.277619585001833,94860664.3676758,28923.352954675,73.4121951219512,NA,NA,NA
MEX,Mexico,14157.9445835849,1852722885258.11,NA,NA,130861007,NA,81.862,1,23.92415518486322,451662292.480469,24854.5822142309,75.069,NA,NA,NA
FSM,"Micronesia, Fed. Sts.",4166.00476748564,471425099.488675,NA,NA,113160,NA,23.555,1,7.530892089578006,125806556.70166,4233.1340493282,67.198,NA,NA,NA
MEA,"Middle East, North Africa, Afghanistan & Pakistan",6180.85878446824,5025772564328.3,NA,NA,813118814,NA,55.7010004133504,NA,NA,NA,NA,NA,NA,NA,NA
MNA,"Middle East, North Africa, Afghanistan & Pakistan (excluding high income)",2903.59793979158,2153572215659.73,NA,NA,741690916,NA,52.5173231582966,NA,NA,NA,NA,NA,NA,NA,NA
TMN,"Middle East, North Africa, Afghanistan & Pakistan (IDA & IBRD)",2905.83377209255,2139861115659.73,NA,NA,736401764,NA,52.3351791276277,NA,NA,NA,NA,NA,NA,NA,NA
MIC,Middle income,6524.2573581605,38748293620690.3,NA,NA,5939111763,NA,54.7141582203946,NA,NA,NA,NA,NA,NA,NA,NA
MDA,Moldova,7617.51613089815,18200340853.6517,NA,NA,2389275,NA,43.599,0,47.18717283670143,1051385864.25781,17746.940549966,71.198,NA,NA,NA
MCO,Monaco,NA,NA,NA,NA,38631,NA,100,0,43.75274824120421,NA,NA,86.372,NA,NA,NA
MNG,Mongolia,6691.48209834228,23586055802.4517,NA,NA,3524788,NA,69.263,0,46.95620389055248,260169830.322266,18004.8512058355,72.1224390243902,NA,NA,NA
MNE,Montenegro,12935.4522712126,8069536125.80285,NA,NA,623831,NA,68.84,0,42.7880033111823,92358413.6962891,30601.4282509021,77.5878048780488,NA,NA,NA
MAR,Morocco,3993.38745117188,154430996472.752,NA,NA,38081173,NA,65.643,1,29.76685913718276,771669433.59375,9842.888671875,75.313,NA,NA,NA
MOZ,Mozambique,647.28579950207,22416650343.4786,NA,NA,34631766,NA,39.326,1,-17.195857537030033,2927378417.96875,1677.6810229235,63.611,NA,NA,NA
MMR,Myanmar,1359.25961394135,74079772652.4286,NA,NA,54500091,NA,32.47,1,21.112906888883465,1140740966.79688,5953.35735165913,66.889,NA,NA,NA
NAM,Namibia,4413.1274418646,13372354268.5446,NA,NA,3030131,NA,55.795,1,-22.069690013855066,271632598.876953,11251.2370332343,67.385,NA,NA,NA
NRU,Nauru,13421.8330584638,160350639.549467,NA,NA,11947,NA,100,1,-0.5191263784577964,37581523.8952637,13829.9189405006,62.109,NA,NA,NA
NPL,Nepal,1447.31004458428,42914268286.7109,NA,NA,29651054,NA,22.366,0,28.258042513952084,1173136840.82031,5395.20820077513,70.354,NA,NA,NA
NLD,Netherlands,68218.7261019406,1227543925316.41,NA,NA,17994237,NA,93.453,0,52.22691960090928,NA,78305.2888358968,81.9146341463415,NA,NA,NA
NCL,New Caledonia,NA,NA,NA,NA,292639,NA,73.106,NA,-21.3008860680882,NA,NA,78.766,NA,NA,NA
NZL,New Zealand,48747.0136853042,260235932558.996,NA,NA,5338500,NA,87.091,1,-41.70233372718418,NA,53854.1996319825,83.0048780487805,NA,NA,NA
NIC,Nicaragua,2847.53966339498,19693982967.5926,NA,NA,6916140,NA,60.155,1,12.84499272075925,581782470.703125,8319.97944140996,74.947,NA,NA,NA
NER,Niger,722.748650326257,19537639288.0633,NA,NA,27032412,NA,17.232,1,17.412007962950746,1282570190.42969,1875.15306770628,61.183,NA,NA,NA
NGA,Nigeria,806.945695055244,187759703099.801,NA,NA,232679478,NA,55.03,1,9.590945570096183,3596401367.1875,6207.42137845067,54.462,NA,NA,NA
NAC,North America,82406.4788664869,31435123430970.3,NA,NA,381464223,NA,83.351649228819,NA,NA,NA,NA,NA,NA,NA,NA
MKD,North Macedonia,9310.02790015256,16685236492.0675,NA,NA,1792179,NA,59.868,0,41.59519155835769,414461212.158203,24390.4603774085,75.3160975609756,NA,NA,NA
MNP,Northern Mariana Islands,NA,NA,NA,NA,44278,NA,92.171,NA,15.817113996134827,NA,NA,78.808,NA,NA,NA
NOR,Norway,86809.7246897431,483727398216.364,NA,NA,5572272,NA,84.318,0,NA,NA,100437.326744584,83.1121951219512,NA,NA,NA
NA,Not classified,NA,NA,NA,NA,NA,NA,NA,NA,NA,NA,18432.9644601223,72.4446783578531,NA,NA,NA
NA,Not classified,NA,NA,NA,NA,NA,NA,NA,NA,NA,259484140625,23048.6731395489,73.3297162833404,NA,NA,NA
NA,Not classified,NA,NA,NA,NA,NA,NA,NA,NA,NA,10739873668.6707,21665.9223498968,75.8806830895266,NA,NA,NA
NA,Not classified,NA,NA,NA,NA,NA,NA,NA,NA,NA,47008340833.6639,27292.7208949926,74.7987152767476,NA,NA,NA
NA,Not classified,NA,NA,NA,NA,NA,NA,NA,NA,NA,10656686218.2617,10176.3569453945,72.3247648783903,NA,NA,NA
NA,Not classified,NA,NA,NA,NA,NA,NA,NA,NA,NA,NA,46525.7532317562,77.8967836493153,NA,NA,NA
NA,Not classified,NA,NA,NA,NA,NA,NA,NA,NA,NA,NA,59009.0194971078,81.4114503796876,NA,NA,NA
NA,Not classified,NA,NA,NA,NA,NA,NA,NA,NA,NA,NA,5519.21522069884,63.3499447771075,NA,NA,NA
NA,Not classified,NA,NA,NA,NA,NA,NA,NA,NA,NA,NA,NA,81.1,NA,NA,NA
NA,Not classified,NA,NA,NA,NA,NA,NA,NA,NA,NA,NA,58425.9427122614,80.1615573011432,NA,NA,NA
NA,Not classified,NA,NA,NA,NA,NA,NA,NA,NA,NA,NA,25816.1058270512,72.9007197557042,NA,NA,NA
NA,Not classified,NA,NA,NA,NA,NA,NA,NA,NA,NA,NA,7981.84724804993,69.2745949035856,NA,NA,NA
NA,Not classified,NA,NA,NA,NA,NA,NA,NA,NA,NA,NA,32739.1987908901,73.1716450013098,NA,NA,NA
NA,Not classified,NA,NA,NA,NA,NA,NA,NA,NA,NA,NA,27108.7654473695,73.5646945094343,NA,NA,NA
NA,Not classified,NA,NA,NA,NA,NA,NA,NA,NA,NA,NA,21800.8030597791,75.5699258379688,NA,NA,NA
NA,Not classified,NA,NA,NA,NA,NA,NA,NA,NA,NA,NA,10743.7508741839,71.3194560888195,NA,NA,NA
NA,Not classified,NA,NA,NA,NA,NA,NA,NA,NA,NA,NA,21909.4340920949,75.9085643603807,NA,NA,NA
NA,Not classified,NA,NA,NA,NA,NA,NA,NA,NA,NA,NA,10176.3569453945,72.3247648783903,NA,NA,NA
NA,Not classified,NA,NA,NA,NA,NA,NA,NA,NA,NA,NA,4779.42624854992,62.6029134885664,NA,NA,NA
NA,Not classified,NA,NA,NA,NA,NA,NA,NA,NA,NA,NA,35472.5783563845,74.7300564025194,NA,NA,NA
NA,Not classified,NA,NA,NA,NA,NA,NA,NA,NA,NA,NA,4504.00631059724,62.1636298902791,NA,NA,NA
NA,Not classified,NA,NA,NA,NA,NA,NA,NA,NA,NA,NA,13167.7845806137,71.7962449795855,NA,NA,NA
NA,Not classified,NA,NA,NA,NA,NA,NA,NA,NA,NA,NA,26380.309067374,77.130120543495,NA,NA,NA
NA,Not classified,NA,NA,NA,NA,NA,NA,NA,NA,NA,NA,64285.7200654777,80.8228346378274,NA,NA,NA
NA,Not classified,NA,NA,NA,NA,NA,NA,NA,NA,NA,NA,61462.8020775177,82.1920076156423,NA,NA,NA
NA,Not classified,NA,NA,NA,NA,NA,NA,NA,NA,NA,760932168.960571,63267.8804349237,80.1500151183354,NA,NA,NA
NA,Not classified,NA,NA,NA,NA,NA,NA,NA,NA,NA,NA,3409.52476815903,64.7159054177481,NA,NA,NA
NA,Not classified,NA,NA,NA,NA,NA,NA,NA,NA,NA,NA,19744.2369234195,74.5209699459191,NA,NA,NA
NA,Not classified,NA,NA,NA,NA,NA,NA,NA,NA,NA,NA,5131.09385547711,65.4535223135408,NA,NA,NA
NA,Not classified,NA,NA,NA,NA,NA,NA,NA,NA,NA,NA,6403.94488378322,62.4621643327349,NA,NA,NA
NA,Not classified,NA,NA,NA,NA,NA,NA,NA,NA,NA,NA,4469.68598577713,67.0538318903115,NA,NA,NA
NA,Not classified,NA,NA,NA,NA,NA,NA,NA,NA,NA,10752129661.5601,20919.0897897341,75.4986013301866,NA,NA,NA
NA,Not classified,NA,NA,NA,NA,NA,NA,NA,NA,NA,402262634.277344,15804.4065754058,78.033,NA,NA,NA
NA,Not classified,NA,NA,NA,NA,NA,NA,NA,NA,NA,NA,4219.8902376216,66.5161002597788,NA,NA,NA
NA,Not classified,NA,NA,NA,NA,NA,NA,NA,NA,NA,44640685851.0971,2265.38657036007,64.5178957936853,NA,NA,NA
NA,Not classified,NA,NA,NA,NA,NA,NA,NA,NA,NA,59241301612.854,9377.30952462433,69.5963746571515,NA,NA,NA
NA,Not classified,NA,NA,NA,NA,NA,NA,NA,NA,NA,251922406250,14750.9104066302,71.9740048771462,NA,NA,NA
NA,Not classified,NA,NA,NA,NA,NA,NA,NA,NA,NA,118616398437.5,16044.2519341124,72.7431938727471,NA,NA,NA
NA,Not classified,NA,NA,NA,NA,NA,NA,NA,NA,NA,35115699150.0854,10708.7332432852,71.2758849884582,NA,NA,NA
NA,Not classified,NA,NA,NA,NA,NA,NA,NA,NA,NA,57444107072.8302,23343.4547797066,76.1953051028563,NA,NA,NA
NA,Not classified,NA,NA,NA,NA,NA,NA,NA,NA,NA,0,80412.925454132,78.7328213732191,NA,NA,NA
NA,Not classified,NA,NA,NA,NA,NA,NA,NA,NA,NA,NA,NA,NA,NA,NA,NA
NA,Not classified,NA,NA,NA,NA,NA,NA,NA,NA,NA,10739873668.6707,25448.2236118124,76.6595183258032,NA,NA,NA
NA,Not classified,NA,NA,NA,NA,NA,NA,NA,NA,NA,47008340833.6639,48825.4307601727,78.3870183177038,NA,NA,NA
NA,Not classified,NA,NA,NA,NA,NA,NA,NA,NA,NA,64836446620.9412,4971.50597955885,62.0654798813283,NA,NA,NA
NA,Not classified,NA,NA,NA,NA,NA,NA,NA,NA,NA,64836446620.9412,4779.42624854992,62.6029134885664,NA,NA,NA
NA,Not classified,NA,NA,NA,NA,NA,NA,NA,NA,NA,NA,4352.49089719712,65.146290855385,NA,NA,NA
NA,Not classified,NA,NA,NA,NA,NA,NA,NA,NA,NA,NA,5408.01324637995,58.8557215483276,NA,NA,NA
NA,Not classified,NA,NA,NA,NA,NA,NA,NA,NA,NA,10752129661.5601,21909.539508337,75.6435293327332,NA,NA,NA
NA,Not classified,NA,NA,NA,NA,NA,NA,NA,NA,NA,35115699150.0854,15606.5739957707,72.0839412410497,NA,NA,NA
NA,Not classified,NA,NA,NA,NA,NA,NA,NA,NA,NA,NA,15679.8465405193,72.0008209186498,NA,NA,NA
OED,OECD members,48454.697540067304,67687054565878.2,NA,NA,1396914190,NA,81.912482501631,NA,NA,NA,NA,NA,NA,NA,NA
OMN,Oman,20248.4168124608,106942782834.85,NA,NA,5281538,NA,88.998,0,20.585775129520002,NA,41851.1879601007,80.031,NA,NA,NA
OSS,Other small states,15867.6733515992,205790426259.972,NA,NA,12969162,NA,56.21947458687,NA,NA,NA,NA,NA,NA,NA,NA
PSS,Pacific island small states,4399.41105391407,11977251413.7163,NA,NA,2722467,NA,39.7689648917691,NA,NA,NA,NA,NA,NA,NA,NA
PAK,Pakistan,1484.74985864775,373071855731.539,NA,NA,251269164,NA,38.365,1,29.883945354228477,3963701660.15625,6036.64192512134,67.649,NA,NA,NA
PLW,Palau,NA,NA,NA,NA,17695,NA,82.839,1,7.286684737450951,28785337.4481201,17531.6926506844,69.269,NA,NA,NA
PAN,Panama,19102.8521936399,86260400000,NA,NA,4515577,NA,69.888,1,8.52023299495937,410184387.207031,39803.3189532897,79.594,NA,NA,NA
PNG,Papua New Guinea,3076.48786186584,32538480023.9998,NA,NA,10576502,NA,13.88,1,-6.468581389763545,691091125.488281,4667.83567092991,66.134,NA,NA,NA
PRY,Paraguay,6416.09709002917,44458118399.6669,NA,NA,6929153,NA,63.489,1,-23.208909339152218,223693115.234375,17564.4912369379,73.844,NA,NA,NA
PER,Peru,8452.37167047598,289221969059.853,NA,NA,34217848,NA,79.139,1,-9.107149627259437,586267578.125,17011.2278028825,77.74,NA,NA,NA
PHL,Philippines,3984.8315387656,461617509782.355,NA,NA,115843670,NA,48.614,1,11.72934323099065,1842688842.77344,10985.8292627505,69.833,NA,NA,NA
POL,Poland,25022.6716445953,914696430325.391,NA,NA,36554707,NA,60.33,0,52.11183561214399,NA,46757.5401841254,78.5073170731707,NA,NA,NA
PRT,Portugal,28844.4979246799,308683317392.68,NA,NA,10701636,NA,68.423,0,39.60621030811328,NA,47426.4880861568,82.2804878048781,NA,NA,NA
PST,Post-demographic dividend,55865.7865373976,63040640005163.4,NA,NA,1128430188,NA,82.5080268954733,NA,NA,NA,NA,NA,NA,NA,NA
PRE,Pre-demographic dividend,1290.20000126508,1426898998276.72,NA,NA,1105951788,NA,44.7495240987105,NA,NA,NA,NA,NA,NA,NA,NA
PRI,Puerto Rico (US),39285.0174585856,125841500000,NA,NA,3203295,NA,93.664,NA,18.228579936088867,NA,47433.2376274594,81.69,NA,NA,NA
QAT,Qatar,76275.9076782833,217982967032.967,NA,NA,2857822,NA,99.387,1,25.304862356199486,NA,128918.549293382,82.368,NA,NA,NA
ROU,Romania,20072.4079244042,382767571329.158,NA,NA,19069340,NA,54.88,0,45.84841398366041,NA,45776.8376387185,76.6073170731707,NA,NA,NA
RUS,Russian Federation,14889.0185546875,2173835806671.66,NA,NA,143533851,NA,75.548,0,66.03172193364617,NA,44268.73046875,73.2546341463415,NA,NA,NA
RWA,Rwanda,999.654561402699,14251642231.4932,NA,NA,14256567,NA,18.081,1,-1.9903249497732192,1387333129.88281,3399.45174603143,67.785,NA,NA,NA
WSM,Samoa,4898.77140817676,1068025243.63929,NA,NA,218019,NA,17.42,1,-13.75340088382667,117172477.722168,7037.08661727446,71.698,NA,NA,NA
SMR,San Marino,NA,NA,NA,NA,33977,NA,97.932,0,43.94186523533145,NA,NA,85.706,NA,NA,NA
STP,Sao Tome and Principe,3244.82899741459,764274042.735043,NA,NA,235536,NA,77.014,1,0.4438400918547908,86840171.8139648,6149.98146081928,69.718,NA,NA,NA
SAU,Saudi Arabia,35057.2252306969,1237529866666.67,NA,NA,35300280,NA,85.171,0,24.086557985041413,NA,71564.800028565,78.732,NA,NA,NA
SEN,Senegal,1743.98888384359,32267254425.052,NA,NA,18501984,NA,50.08,1,14.364811093175101,1859611206.05469,4777.61451861578,68.683,NA,NA,NA
SRB,Serbia,13523.7246826854,89083506277.2344,NA,NA,6587202,NA,57.371,0,44.211319830808264,578221740.722656,28748.3832904482,76.2209756097561,NA,NA,NA
SYC,Seychelles,17858.8226383978,2167239562.46013,NA,NA,121354,NA,59.242,1,-4.6609897523017825,NA,31780.7838341965,74.9585365853659,NA,NA,NA
SLE,Sierra Leone,873.388575182318,7547843281.27425,NA,NA,8642022,NA,44.779,1,8.56249232471683,497800445.556641,3371.34754178798,61.786,NA,NA,NA
SGP,Singapore,90674.066632628,547386645891.847,NA,NA,6036860,NA,100,1,1.358762240040157,NA,143786.136293013,82.8951219512195,NA,NA,NA
SXM,Sint Maarten (Dutch part),40027.9175992113,1735210227.92581,NA,NA,43350,NA,100,NA,18.050822528473283,NA,49826.1146271296,76.371,NA,NA,NA
SVK,Slovakia,26147.9028430133,141775733420.114,NA,NA,5422069,NA,54.172,0,48.711280810901265,NA,43949.8572125349,78.0170731707317,NA,NA,NA
SVN,Slovenia,34089.3527652778,72485008929.2766,NA,NA,2126324,NA,56.438,0,46.11589047659146,NA,53952.2047300024,81.9780487804878,NA,NA,NA
SST,Small states,15291.69576976,309361541400.629,NA,NA,20230689,NA,52.372312805115,NA,NA,NA,NA,NA,NA,NA,NA
SLB,Solomon Islands,2149.37957267304,1760767447.17461,NA,NA,819198,NA,26.488,1,-8.923117165009065,243661376.953125,2800.82371820652,70.528,NA,NA,NA
SOM,"Somalia, Fed. Rep.",636.983477589273,12108515109.9996,NA,NA,19009151,NA,48.519,1,4.7394062218941135,2281094970.70313,1556.52308834052,58.816,NA,NA,NA
ZAF,South Africa,6253.37158194543,400260724226.067,NA,NA,64007187,NA,69.298,1,-28.974208514441116,1506946411.13281,15194.1991759502,66.139,NA,NA,NA
SAS,South Asia,2691.64556264089,4514924632400.27,NA,NA,1677384532,NA,36.8396884420978,NA,NA,NA,NA,NA,NA,NA,NA
TSA,South Asia (IDA & IBRD),2691.64556264089,4514924632400.27,NA,NA,1677384532,NA,36.8396884420978,NA,NA,NA,NA,NA,NA,NA,NA
SSD,South Sudan,NA,NA,NA,NA,11943408,NA,21.56,0,7.3086969454213575,1791723999.02344,NA,57.617,NA,NA,NA
ESP,Spain,35297.0094995565,1722745978335.16,NA,NA,48807137,NA,81.802,0,40.20765398401546,NA,53229.922021795,83.8829268292683,NA,NA,NA
LKA,Sri Lanka,4515.56787322732,98963185509.6499,NA,NA,21916000,NA,19.416,1,7.611038184516178,827259826.660156,14455.6544414734,77.483,NA,NA,NA
KNA,St. Kitts and Nevis,22771.4168922033,1066681481.48148,NA,NA,46843,NA,31.221,1,17.264578641728338,NA,34367.8026558315,72.145,NA,NA,NA
LCA,St. Lucia,14181.6303351598,2549062962.96296,NA,NA,179744,NA,19.306,1,13.894772997268886,35849578.8574219,25974.5092925263,72.697,NA,NA,NA
MAF,St. Martin (French part),NA,NA,NA,NA,26129,NA,NA,NA,18.088890776935855,NA,NA,80.224,NA,NA,NA
VCT,St. Vincent and the Grenadines,11501.2265187188,1157207407.40741,NA,NA,100616,NA,54.725,1,13.224677030556677,21283740.9973145,19819.869034679,71.23,NA,NA,NA
SSF,Sub-Saharan Africa,1441.32038465812,1860829213452.29,NA,NA,1291058694,NA,43.5287174561879,NA,NA,NA,NA,NA,NA,NA,NA
SSA,Sub-Saharan Africa (excluding high income),1506.22853698028,1745534471319.04,NA,NA,1158877573,NA,45.7910955791928,NA,NA,NA,NA,NA,NA,NA,NA
TSS,Sub-Saharan Africa (IDA & IBRD countries),1441.32038465812,1860829213452.29,NA,NA,1291058694,NA,43.5287174561879,NA,NA,NA,NA,NA,NA,NA,NA
SDN,Sudan,989.312866210938,49909807029.6996,NA,NA,50448963,NA,36.752,1,15.967966109559557,1390063232.42188,2420.65795898438,66.331,NA,NA,NA
SUR,Suriname,7430.70219176443,4714267822.2233,NA,NA,634431,NA,66.533,1,4.129848287854486,43524604.7973633,21135.5456365134,73.631,NA,NA,NA
SWE,Sweden,57723.2345031532,610117791237.089,NA,NA,10569709,NA,88.976,0,62.38365607424293,NA,67258.8461000938,83.309756097561,NA,NA,NA
CHE,Switzerland,103669.872008144,936564198048.516,NA,NA,9034102,NA,74.327,0,46.79889642719673,NA,90505.997877357,84.0560975609756,NA,NA,NA
SYR,Syrian Arab Republic,NA,NA,NA,NA,24672760,NA,58.044,1,35.01677732587028,9206277343.75,4650.06687798544,72.12,NA,NA,NA
TJK,Tajikistan,1341.20229027672,14204575548.5536,NA,NA,10590927,NA,28.523,0,38.536549030717254,530799865.722656,4963.58295264504,71.79,NA,NA,NA
TZA,Tanzania,1185.74548339844,78779864877.3018,NA,NA,68560157,NA,38.136,1,-6.268247790104617,3056842041.01563,4018.5166015625,66.995,NA,NA,NA
THA,Thailand,7345.13569000377,526411265427.683,NA,NA,71668011,NA,54.32,0,15.082584951953617,84968795.7763672,23519.2120979823,76.412,NA,NA,NA
TLS,Timor-Leste,1343.14886031844,1881265333.4187,NA,NA,1400638,NA,32.842,1,-8.829321657923044,259935394.287109,4806.14014290568,67.689,NA,NA,NA
TGO,Togo,1043.14092889765,9925732119.72034,NA,NA,9515236,NA,45.064,1,8.520779784822718,615510925.292969,3071.51216831953,62.739,NA,NA,NA
TON,Tonga,NA,NA,NA,NA,104175,NA,23.21,1,-20.420512756907403,129549209.594727,7852.76498057614,72.895,NA,NA,NA
TTO,Trinidad and Tobago,19314.7163432664,26428963758.1307,NA,NA,1368333,NA,53.562,1,10.45717257448732,NA,34620.3860516966,73.49,NA,NA,NA
TUN,Tunisia,4350.3717971875,53409988744.5968,NA,NA,12277109,NA,70.88,1,34.088955486452505,1225880737.30469,14009.5192313256,76.508,NA,NA,NA
TUR,Turkiye,15473.2872636856,1323254808058.74,NA,NA,85518661,NA,77.893,0,39.13701331043797,1550410644.53125,42326.1644386964,77.156,NA,NA,NA
TKM,Turkmenistan,8571.60702949432,64239891739.3311,NA,NA,7494498,NA,54.524,0,39.12547070992735,36352214.8132324,19828.9248461199,70.073,NA,NA,NA
TCA,Turks and Caicos Islands,37506.7798431288,1745378000,NA,NA,46535,NA,94.433,NA,21.83062186799524,NA,35336.7403511449,78.008,NA,NA,NA
TUV,Tuvalu,NA,NA,NA,NA,9646,NA,66.928,1,-8.503450593203175,68341110.2294922,6151.01047041608,67.105,NA,NA,NA
UGA,Uganda,1072.71369837695,53651874313.9836,NA,NA,50015092,NA,27.389,1,1.274231547393379,2256590576.17188,3097.63702430619,68.252,NA,NA,NA
UKR,Ukraine,5389.47314453125,190741263731.535,NA,NA,37860221,NA,70.284,0,49.19560823173951,38935210937.5,17665.34375,73.422,NA,NA,NA
ARE,United Arab Emirates,49377.5643384379,537078829135.466,NA,NA,10876981,NA,88.008,1,23.905320327121004,NA,76110.3848420758,82.909,NA,NA,NA
GBR,United Kingdom,52636.7865943853,3643834188782.91,NA,NA,69226000,NA,84.884,0,54.01164974612877,NA,57915.4940036535,81.2380975609756,NA,NA,NA
USA,United States,85809.9003846356,29184890000000,NA,NA,340110988,NA,83.515,1,44.74373159082126,NA,82304.6204272866,78.3853658536585,NA,NA,NA
NA,Upper middle income,10961.8184459945,30891808644564.4,NA,NA,2818128105,NA,69.3460465073936,NA,NA,NA,18432.9644601223,72.4446783578531,NA,NA,NA
NA,Upper middle income,10961.8184459945,30891808644564.4,NA,NA,2818128105,NA,69.3460465073936,NA,NA,259484140625,23048.6731395489,73.3297162833404,NA,NA,NA
NA,Upper middle income,10961.8184459945,30891808644564.4,NA,NA,2818128105,NA,69.3460465073936,NA,NA,10739873668.6707,21665.9223498968,75.8806830895266,NA,NA,NA
NA,Upper middle income,10961.8184459945,30891808644564.4,NA,NA,2818128105,NA,69.3460465073936,NA,NA,47008340833.6639,27292.7208949926,74.7987152767476,NA,NA,NA
NA,Upper middle income,10961.8184459945,30891808644564.4,NA,NA,2818128105,NA,69.3460465073936,NA,NA,10656686218.2617,10176.3569453945,72.3247648783903,NA,NA,NA
NA,Upper middle income,10961.8184459945,30891808644564.4,NA,NA,2818128105,NA,69.3460465073936,NA,NA,NA,46525.7532317562,77.8967836493153,NA,NA,NA
NA,Upper middle income,10961.8184459945,30891808644564.4,NA,NA,2818128105,NA,69.3460465073936,NA,NA,NA,59009.0194971078,81.4114503796876,NA,NA,NA
NA,Upper middle income,10961.8184459945,30891808644564.4,NA,NA,2818128105,NA,69.3460465073936,NA,NA,NA,5519.21522069884,63.3499447771075,NA,NA,NA
NA,Upper middle income,10961.8184459945,30891808644564.4,NA,NA,2818128105,NA,69.3460465073936,NA,NA,NA,NA,81.1,NA,NA,NA
NA,Upper middle income,10961.8184459945,30891808644564.4,NA,NA,2818128105,NA,69.3460465073936,NA,NA,NA,58425.9427122614,80.1615573011432,NA,NA,NA
NA,Upper middle income,10961.8184459945,30891808644564.4,NA,NA,2818128105,NA,69.3460465073936,NA,NA,NA,25816.1058270512,72.9007197557042,NA,NA,NA
NA,Upper middle income,10961.8184459945,30891808644564.4,NA,NA,2818128105,NA,69.3460465073936,NA,NA,NA,7981.84724804993,69.2745949035856,NA,NA,NA
NA,Upper middle income,10961.8184459945,30891808644564.4,NA,NA,2818128105,NA,69.3460465073936,NA,NA,NA,32739.1987908901,73.1716450013098,NA,NA,NA
NA,Upper middle income,10961.8184459945,30891808644564.4,NA,NA,2818128105,NA,69.3460465073936,NA,NA,NA,27108.7654473695,73.5646945094343,NA,NA,NA
NA,Upper middle income,10961.8184459945,30891808644564.4,NA,NA,2818128105,NA,69.3460465073936,NA,NA,NA,21800.8030597791,75.5699258379688,NA,NA,NA
NA,Upper middle income,10961.8184459945,30891808644564.4,NA,NA,2818128105,NA,69.3460465073936,NA,NA,NA,10743.7508741839,71.3194560888195,NA,NA,NA
NA,Upper middle income,10961.8184459945,30891808644564.4,NA,NA,2818128105,NA,69.3460465073936,NA,NA,NA,21909.4340920949,75.9085643603807,NA,NA,NA
NA,Upper middle income,10961.8184459945,30891808644564.4,NA,NA,2818128105,NA,69.3460465073936,NA,NA,NA,10176.3569453945,72.3247648783903,NA,NA,NA
NA,Upper middle income,10961.8184459945,30891808644564.4,NA,NA,2818128105,NA,69.3460465073936,NA,NA,NA,4779.42624854992,62.6029134885664,NA,NA,NA
NA,Upper middle income,10961.8184459945,30891808644564.4,NA,NA,2818128105,NA,69.3460465073936,NA,NA,NA,35472.5783563845,74.7300564025194,NA,NA,NA
NA,Upper middle income,10961.8184459945,30891808644564.4,NA,NA,2818128105,NA,69.3460465073936,NA,NA,NA,4504.00631059724,62.1636298902791,NA,NA,NA
NA,Upper middle income,10961.8184459945,30891808644564.4,NA,NA,2818128105,NA,69.3460465073936,NA,NA,NA,13167.7845806137,71.7962449795855,NA,NA,NA
NA,Upper middle income,10961.8184459945,30891808644564.4,NA,NA,2818128105,NA,69.3460465073936,NA,NA,NA,26380.309067374,77.130120543495,NA,NA,NA
NA,Upper middle income,10961.8184459945,30891808644564.4,NA,NA,2818128105,NA,69.3460465073936,NA,NA,NA,64285.7200654777,80.8228346378274,NA,NA,NA
NA,Upper middle income,10961.8184459945,30891808644564.4,NA,NA,2818128105,NA,69.3460465073936,NA,NA,NA,61462.8020775177,82.1920076156423,NA,NA,NA
NA,Upper middle income,10961.8184459945,30891808644564.4,NA,NA,2818128105,NA,69.3460465073936,NA,NA,760932168.960571,63267.8804349237,80.1500151183354,NA,NA,NA
NA,Upper middle income,10961.8184459945,30891808644564.4,NA,NA,2818128105,NA,69.3460465073936,NA,NA,NA,3409.52476815903,64.7159054177481,NA,NA,NA
NA,Upper middle income,10961.8184459945,30891808644564.4,NA,NA,2818128105,NA,69.3460465073936,NA,NA,NA,19744.2369234195,74.5209699459191,NA,NA,NA
NA,Upper middle income,10961.8184459945,30891808644564.4,NA,NA,2818128105,NA,69.3460465073936,NA,NA,NA,5131.09385547711,65.4535223135408,NA,NA,NA
NA,Upper middle income,10961.8184459945,30891808644564.4,NA,NA,2818128105,NA,69.3460465073936,NA,NA,NA,6403.94488378322,62.4621643327349,NA,NA,NA
NA,Upper middle income,10961.8184459945,30891808644564.4,NA,NA,2818128105,NA,69.3460465073936,NA,NA,NA,4469.68598577713,67.0538318903115,NA,NA,NA
NA,Upper middle income,10961.8184459945,30891808644564.4,NA,NA,2818128105,NA,69.3460465073936,NA,NA,10752129661.5601,20919.0897897341,75.4986013301866,NA,NA,NA
NA,Upper middle income,10961.8184459945,30891808644564.4,NA,NA,2818128105,NA,69.3460465073936,NA,NA,402262634.277344,15804.4065754058,78.033,NA,NA,NA
NA,Upper middle income,10961.8184459945,30891808644564.4,NA,NA,2818128105,NA,69.3460465073936,NA,NA,NA,4219.8902376216,66.5161002597788,NA,NA,NA
NA,Upper middle income,10961.8184459945,30891808644564.4,NA,NA,2818128105,NA,69.3460465073936,NA,NA,44640685851.0971,2265.38657036007,64.5178957936853,NA,NA,NA
NA,Upper middle income,10961.8184459945,30891808644564.4,NA,NA,2818128105,NA,69.3460465073936,NA,NA,59241301612.854,9377.30952462433,69.5963746571515,NA,NA,NA
NA,Upper middle income,10961.8184459945,30891808644564.4,NA,NA,2818128105,NA,69.3460465073936,NA,NA,251922406250,14750.9104066302,71.9740048771462,NA,NA,NA
NA,Upper middle income,10961.8184459945,30891808644564.4,NA,NA,2818128105,NA,69.3460465073936,NA,NA,118616398437.5,16044.2519341124,72.7431938727471,NA,NA,NA
NA,Upper middle income,10961.8184459945,30891808644564.4,NA,NA,2818128105,NA,69.3460465073936,NA,NA,35115699150.0854,10708.7332432852,71.2758849884582,NA,NA,NA
NA,Upper middle income,10961.8184459945,30891808644564.4,NA,NA,2818128105,NA,69.3460465073936,NA,NA,57444107072.8302,23343.4547797066,76.1953051028563,NA,NA,NA
NA,Upper middle income,10961.8184459945,30891808644564.4,NA,NA,2818128105,NA,69.3460465073936,NA,NA,0,80412.925454132,78.7328213732191,NA,NA,NA
NA,Upper middle income,10961.8184459945,30891808644564.4,NA,NA,2818128105,NA,69.3460465073936,NA,NA,NA,NA,NA,NA,NA,NA
NA,Upper middle income,10961.8184459945,30891808644564.4,NA,NA,2818128105,NA,69.3460465073936,NA,NA,10739873668.6707,25448.2236118124,76.6595183258032,NA,NA,NA
NA,Upper middle income,10961.8184459945,30891808644564.4,NA,NA,2818128105,NA,69.3460465073936,NA,NA,47008340833.6639,48825.4307601727,78.3870183177038,NA,NA,NA
NA,Upper middle income,10961.8184459945,30891808644564.4,NA,NA,2818128105,NA,69.3460465073936,NA,NA,64836446620.9412,4971.50597955885,62.0654798813283,NA,NA,NA
NA,Upper middle income,10961.8184459945,30891808644564.4,NA,NA,2818128105,NA,69.3460465073936,NA,NA,64836446620.9412,4779.42624854992,62.6029134885664,NA,NA,NA
NA,Upper middle income,10961.8184459945,30891808644564.4,NA,NA,2818128105,NA,69.3460465073936,NA,NA,NA,4352.49089719712,65.146290855385,NA,NA,NA
NA,Upper middle income,10961.8184459945,30891808644564.4,NA,NA,2818128105,NA,69.3460465073936,NA,NA,NA,5408.01324637995,58.8557215483276,NA,NA,NA
NA,Upper middle income,10961.8184459945,30891808644564.4,NA,NA,2818128105,NA,69.3460465073936,NA,NA,10752129661.5601,21909.539508337,75.6435293327332,NA,NA,NA
NA,Upper middle income,10961.8184459945,30891808644564.4,NA,NA,2818128105,NA,69.3460465073936,NA,NA,35115699150.0854,15606.5739957707,72.0839412410497,NA,NA,NA
NA,Upper middle income,10961.8184459945,30891808644564.4,NA,NA,2818128105,NA,69.3460465073936,NA,NA,NA,15679.8465405193,72.0008209186498,NA,NA,NA
URY,Uruguay,23906.5133029408,80961511073.5797,NA,NA,3386588,NA,95.852,1,-32.79134091244499,NA,34470.9322201143,78.138,NA,NA,NA
UZB,Uzbekistan,3161.70010632875,114965293466.611,NA,NA,36361859,NA,50.626,0,41.775400752503636,1200078857.42188,11106.9715934767,72.388,NA,NA,NA
VUT,Vanuatu,3542.81071592874,1161251868.03498,NA,NA,327777,NA,26.147,1,-16.216969032855616,150053588.867188,3460.93371368124,71.477,NA,NA,NA
VEN,Venezuela,NA,NA,NA,NA,28405543,NA,88.505,1,7.122274077470279,405295074.462891,NA,72.514,NA,NA,NA
VNM,Viet Nam,4717.29028732449,476388230307.175,NA,NA,100987686,NA,40.195,1,16.54429751476791,831187988.28125,15033.8768594355,74.588,NA,NA,NA
VIR,Virgin Islands (U.S.),NA,NA,NA,NA,104377,NA,96.314,NA,17.954567860767327,NA,NA,80.519512195122,NA,NA,NA
PSE,West Bank and Gaza,2592.30591217647,13711100000,NA,NA,5289152,NA,77.877,NA,31.915220298420675,3623873046.875,5950.02006184393,65.17,NA,NA,NA
WLD,World,13663.9924550685,111252997846886,NA,NA,8142056446,NA,57.7006387971638,NA,NA,NA,NA,NA,NA,NA,NA
YEM,Yemen,NA,NA,NA,NA,40583164,NA,40.477,1,15.91728068185997,4146491699.21875,NA,69.295,NA,NA,NA
ZMB,Zambia,1235.08466482514,26325775287.0226,NA,NA,21314956,NA,46.914,1,-13.455525493308903,1421932006.83594,4076.99508686641,66.349,NA,NA,NA
ZWE,Zimbabwe,2656.40937654332,44187704410.1191,NA,NA,16634373,NA,32.67,1,-18.997046809067218,791534362.792969,3820.35992188998,62.775,NA,NA,NA
