iso3c,country,wb_gdp_per_capita,wb_gdp_total,wb_percent_gdp_for_research,wb_researchers_per_million_people,wb_total_researchers_count,wb_total_research_spending_usd,foreign_aid_oda,hdi_proxy_gdp,hdi_proxy_life,wb_population,area_total_km2,wb_population_density,wb_urbanisation_percent_urban,main_language,main_religion,main_religion_percentage,% atheists/non-religious,atheist_count,ever_colonized,colonizer,n_records_gbif,biome_diversity_count count of unique ecosystems in the country,pa_coverage_pct,forest_cover_pct,mean_latitude,endemic_tetrapods_total,terrestrial_protected_area_pct,is_main_english_spanish_arabic
AFG,Afghanistan,NA,NA,NA,NA,NA,NA,3060331298.82813,2201.72290691677,66.035,42647492,643493.3496858,66.2749537673133,27.265,Farsi,Muslims,99.86196899,0.008456565,3304,0,Never Colonized,666300,17,NA,1.85278199408184,33.8187564261474,7,3.6,No
ALB,Albania,10011.6279856667,27177735527.5667,NA,NA,NA,NA,360629669.189453,21263.1545689521,79.602,2714617,28399.0033587337,95.5884601198569,65.38,Albanian,Muslims,74.50722504,7.652887344,219787,0,Never Colonized,26459,4,NA,28.7919708029197,41.1348736888552,0,18.6,No
DZA,Algeria,5631.17999109851,263619794506.723,0.47865,821.66519,38465.6872775385,1261816146.40643,202314987.182617,16824.4879034626,76.261,46814308,2327947.16039891,20.109695269878,75.748,Arabic,Muslims,98.38234711,1.266207099,557664,1,France,150717,10,NA,0.822088053271978,28.0559934221189,NA,4.6,Yes
ASM,American Samoa,NA,NA,NA,NA,NA,NA,NA,NA,72.852,46765,120.68079754216,387.509868615697,87.284,Samoan,NA,NA,NA,NA,NA,Unknown,50562,1,NA,85.5,-14.3044663174587,0,16.7,No
AND,Andorra,49303.6733899464,4039844390.22543,NA,NA,NA,NA,NA,71730.668682165,84.041,81938,442.799466932664,185.045389886298,87.747,Catalan,NA,NA,NA,NA,0,Never Colonized,10299,1,NA,34.0425531914894,42.5422863943124,0,26.9,No
AGO,Angola,2122.08368991872,80396942241.6233,0.03229,18.93579,717.39848063571,25960172.6498202,147169143.676758,8046.81729875579,64.617,37885849,1252254.04024834,30.2541239894795,69.281,Portuguese,Christians,93.04470825,6.114808083,2045473,1,Portugal,188054,15,NA,52.9817223871019,-12.2706139265484,75,10.7,No
ATG,Antigua and Barbuda,23725.7903725506,2224814814.81481,NA,NA,NA,NA,NA,31601.7527146877,77.598,93772,433.799122323463,216.164568286237,24.338,English,NA,NA,NA,NA,1,Unknown,14483,3,NA,18.3029545454545,17.2771040353237,10,19.9,Yes
ARG,Argentina,13858.2039802008,633266692533.689,0.54947,1296.45435,59242.9841138417,3479610495.46486,259022705.078125,30082.3045247325,77.395,45696159,2788914.65709639,16.3849255421732,92.579,Spanish,Christians,88.45394135,9.232909203,4172533,1,Spain,908862,19,NA,10.4008857415345,-34.6839876712258,340,8.7,Yes
ARM,Armenia,8500.60522486719,25786585949.6346,0.18115,1039.84774,3154.37811929,46712400.4477631,205138351.44043,21534.0305361169,77.4658536585366,3033500,29623.7398999346,102.400980100648,63.929,Armenian,Christians,97.31269073,1.177880645,34051,0,Never Colonized,66378,2,NA,11.641626848728,40.2873277734289,1,24.7,No
ABW,Aruba,NA,NA,NA,NA,NA,NA,NA,44967.3445127082,76.353,107624,155.614539505209,691.606326389555,44.474,Papiamento,Christians,81.42006683,5.873986721,6309,NA,Unknown,4396,2,NA,2.33333333333333,12.520878060142,2,18.9,No
AUS,Australia,64407.484256932,1752193307380.34,1.85509,4568.56658,124286.981212683,32504762825.882,NA,70513.4748706981,83.0512195121951,27204809,7723252.76433334,3.52245482960679,86.75,English,Christians,46.75042343,42.34402084,10900956,1,Britain,2167383,38,NA,17.4213145571644,-25.7641815523079,1774,20.4,Yes
AUT,Austria,56833.1960472053,521642466921.745,3.20048,6658.54873,61115.3696644279,16695062825.3371,NA,70478.7873635411,81.5414634146342,9178482,84098.680892762,109.139428853871,59.819,German,Christians,68.19069672,22.39739227,1998162,0,Never Colonized,588537,4,NA,47.1720794958798,47.5922934429587,0,29.5,No
AZE,Azerbaijan,7283.83562954872,74315882352.9412,0.18178,1663.3395,16970.803417575,135091410.941177,123224662.780762,23651.5994551766,74.429,10202850,86595.7674876196,117.821578305875,57.997,Azerbaijani,Muslims,94.72725677,4.759952545,484646,0,Never Colonized,62818,4,NA,13.8329909255898,40.2866618409577,0,10.2,No
BHS,Bahamas,39455.4466548546,15832800000,NA,NA,NA,NA,NA,39090.1665080164,74.552,401283,12697.1257646755,31.6042392142325,83.764,English,Christians,97.58940125,1.856881499,7351,1,Britain,121665,2,NA,50.9350649350649,24.280018782811,36,36.6,Yes
BHR,Bahrain,30048.2177718844,47736702127.6596,0.10116,384.09339,610.1976458913,48290447.8723405,NA,64171.0857359052,81.284,1588670,542.697832344822,2927.35645015545,89.999,Arabic,Muslims,74.02146912,0.320074171,4747,1,Britain,3894,2,NA,0.911392405063291,26.0419637770137,0,13,Yes
BGD,Bangladesh,2593.41607390407,450119424622.389,NA,NA,NA,NA,5683857421.875,9147.7775066555,74.672,173562364,135955.133923042,1276.61500519903,41.23,Bangla,Muslims,91.06732178,0,0,1,Britain,43631,8,NA,14.4687716063609,23.8606661365356,2,4.6,No
BRB,Barbados,25365.7949424181,7165000000,NA,NA,NA,NA,NA,21336.1575553016,76.178,282467,390.155753927826,723.985221687267,31.548,English,Christians,77.34906769,20.13895226,56731,1,Britain,24122,1,NA,14.6511627906977,13.1814498077448,6,1.3,Yes
BLR,Belarus,8316.64776291533,75961865471.9129,0.57843,1504.35265,13740.3238515368,439386218.449186,114752738.952637,30834.1773660201,74.1837804878049,9133712,207156.210682666,44.0909397304604,81.125,Russian,Christians,85.13063812,13.77174568,1287788,0,Never Colonized,18728,2,NA,43.2722345405272,53.5195205570396,0,13.8,No
BEL,Belgium,55954.6106261018,664564181486.953,3.40544,6983.19007,82938.2590837391,22631334462.0293,NA,69059.1768269112,82.3975609756098,11876844,30699.6173709237,386.872704519399,98.224,Dutch,Christians,50.97150421,38.98344803,4498732,0,Never Colonized,490620,2,NA,22.604446776415,50.6388949631126,0,15.6,No
BLZ,Belize,8429.67959707387,3515783328.91079,NA,NA,NA,NA,31858842.8497314,13823.4379513758,73.566,417072,22830.1444987579,18.2684783279707,46.838,English,Christians,74.36605072,15.62960529,61082,1,Multiple,109724,5,NA,55.4971503726436,17.1982988706373,2,37.5,Yes
BEN,Benin,1485.38018980894,21482643720.2743,NA,NA,NA,NA,1034930297.85156,4129.9661200142,60.774,14462724,116842.809011129,123.779324738953,50.669,French,Christians,53.23115921,4.885910034,638597,1,France,31984,4,NA,27.3603228095069,9.63561223430696,2,29.6,No
BMU,Bermuda,138934.958846463,8980200000,0.22546,NA,NA,20246758.92,NA,114372.049927372,82.309,64636,66.1311521749077,977.391106524906,100,English,NA,NA,NA,NA,NA,Unknown,37599,1,NA,18.5185185185185,32.313678069657,6,2.1,Yes
BTN,Bhutan,NA,NA,NA,NA,NA,NA,156838043.212891,16253.9629503074,72.975,791524,39966.1677596639,19.8048510620237,45,Tshangla,Buddhists,74.73525238,0.043676686,336,1,Britain,35034,10,NA,71.4997378080755,27.412137795939,3,49.7,No
BOL,Bolivia,4001.21133990795,49668296743.8495,NA,63.0569,782.7451626235,NA,764393493.652344,10925.2730525053,68.581,12413315,1092712.65566704,11.3600908121837,71.545,Spanish,Christians,88.92559814,9.547657967,1128180,1,Spain,430494,15,NA,46.7283054555525,-16.6819842351507,138,30.9,Yes
BIH,Bosnia and Herzegovina,8957.37294188215,28343394203.4694,0.19228,669.76765,2119.31429581545,54498678.374431,307687896.728516,22512.434413542,77.85,3164253,51800.2901896077,61.0856230422203,50.708,Bosnian,NA,NA,NA,NA,0,Never Colonized,24046,4,NA,42.7326171875,44.1714743328822,0,4.1,No
BWA,Botswana,7695.2420641819,19400774882.4495,0.561,179.77334,453.23357863426,108838347.090542,284583099.365234,21012.1031973569,69.163,2521139,581926.304917768,4.33240253739047,73.49,Setswana,Christians,82.29058838,14.72220898,348312,1,Britain,52845,8,NA,26.7083090713391,-22.1652447870996,1,29.1,No
BRA,Brazil,10280.3148624429,2179412080828.59,1.14526,903.20079,191477.278612473,24959934796.8975,699971862.792969,21175.6186990185,75.848,211998573,8518415.1791144,24.887090913317,88.016,Portuguese,Christians,80.65506744,13.47328377,28113467,1,Portugal,8772030,48,NA,59.2704836243471,-10.6390487673327,1583,30.6,No
VGB,British Virgin Islands,NA,NA,NA,NA,NA,NA,NA,NA,77.276,39471,135.661472017199,290.952172441383,50.171,English,NA,NA,NA,NA,NA,Unknown,12522,2,NA,24.1333333333333,18.5258126951176,7,9.1,Yes
BRN,Brunei Darussalam,33417.8357740437,15463134387.2013,0.27764,506.18125,234.22069418125,42931846.3126257,NA,85032.6008678781,75.327,462721,5684.77825323771,81.3964906610845,79.439,Malay,NA,NA,NA,NA,1,Unknown,28462,4,NA,72.1062618595825,4.51968373655883,0,46.9,No
BGR,Bulgaria,17412.4115085691,112211952703.831,0.75421,2557.19806,16479.52023313,846313768.487564,NA,37507.659899221,75.7073170731707,6444366,112670.100879559,57.1967713678435,77.037,Bulgarian,Christians,79.49707794,10.0321579,695595,0,Never Colonized,130180,6,NA,35.9801031687546,42.7712410497898,0,41,No
BFA,Burkina Faso,987.321378101867,23250214909.5391,0.25126,46.5781,1096.8574762961,58418489.9817079,1436421997.07031,2754.71346543427,61.092,23548781,274297.331688303,85.8512944878355,33.166,Mossi,Muslims,67.40969849,0.575799108,123674,1,France,41865,2,NA,22.5380116959064,12.270726248786,0,16.4,No
BDI,Burundi,153.930217854023,2162378759.3467,0.21312,22.4816,315.8167057376,4608461.61191969,621667724.609375,919.597971491806,63.651,14047786,27268.3313842847,515.168522856372,15.16,Kirundi,Christians,94.98027802,1.25295496,158086,1,Multiple,38657,6,NA,10.8894080996885,-3.35921514381575,2,7.6,No
CPV,Cabo Verde,5272.85253011419,2767599017.44874,0.06622,124.92558,65.57056365366,1832704.06935456,101708351.135254,10300.4408938316,76.059,524877,3593.07634688637,146.080113342105,68.412,Cape Verdean Creole,NA,NA,NA,NA,1,Unknown,41081,1,NA,11.4193548387097,15.9533055158382,27,2.9,No
KHM,Cambodia,2627.8796974226,46352647034.7775,0.11823,30.38923,536.02958051323,54802734.5892174,1581260620.11719,7430.73085709415,70.668,17638801,181769.850318879,97.0392007753554,26.035,Khmer,Buddhists,97.09085846,0.079039522,13220,1,France,39055,8,NA,44.825968728756,12.719494903029,14,39.7,No
CMR,Cameroon,1762.3683508844,51326764684.8595,NA,NA,NA,NA,940268859.863281,5405.57465742869,63.7,29123744,466925.481188235,62.3734303938301,59.892,French,Christians,69.8339386,2.079864502,545144,1,Multiple,261471,13,NA,42.9110448266379,5.6811680031629,111,11,No
CAN,Canada,54282.6176051733,2241253230970.34,1.70133,5411.82682,223446.747428425,38131113594.4677,NA,64462.9211694495,81.6465853658537,41288599,9894148.90362396,4.17303190018467,81.98,English,Christians,53.32112503,34.62942886,13218712,1,Multiple,2218823,45,NA,39.4701279256318,60.4177669843847,5,12.8,Yes
CYM,Cayman Islands,NA,NA,NA,NA,NA,NA,NA,86689.2088816431,80.358,74457,301.981606124244,246.561374898331,100,English,NA,NA,NA,NA,NA,Unknown,13274,2,NA,52.75,19.4298043928056,249,10.8,Yes
CAF,Central African Republic,516.170424537757,2751544520.37918,NA,NA,NA,NA,737595642.089844,1257.09435709914,57.408,5330690,622374.719765527,8.5650811813312,44.13,Sango,Christians,90.67516327,0.452453792,22743,1,France,46555,6,NA,35.7523516003724,6.57229916426693,11,18.1,No
TCD,Chad,1016.08880662712,20625711664.6472,0.3005,56.72121,1151.39081849883,61980263.5522648,1137950195.3125,2931.57900890409,55.069,20299123,1273840.84897393,15.93536823407,24.691,Arabic,Muslims,56.35778046,3.13465786,539935,1,France,21262,7,NA,3.33650992693774,15.2753594097694,1,21,Yes
CHL,Chile,16709.8893972307,330267137371.592,0.36041,638.83802,12626.4871713934,1190315789.80095,NA,32801.3786378418,81.167,19764771,739086.266706654,26.7421705561804,88.116,Spanish,Christians,68.32601929,30.26606369,5862725,1,Spain,425703,12,NA,24.6807203850391,-36.0762465539058,143,21,Yes
CHN,China,13303.1481543868,18743803170827.2,2.55518,1849.23669,2605528.26529275,478937909860.342,-267158996.582031,25179.1193066383,77.953,1408975000,9392194.49430161,150.015526281408,65.544,Mandarin,Religiously_unaffiliated,89.6231308,89.6231308,1278120929,0,Never Colonized,2096806,61,NA,23.6315548970464,36.6914066934515,566,15.6,No
COL,Colombia,7913.98801464547,418542042920.189,0.2894,90.24729,4772.85093870627,1211260672.21103,1031310791.01563,20944.4883888657,77.725,52886363,1141985.57704875,46.3108852361121,82.652,Spanish,Christians,86.2469635,9.943602562,5034446,1,Spain,1364137,33,NA,53.1253958539883,3.90348005339009,666,16.4,Yes
COM,Comoros,1784.11546860293,1546164420.32442,NA,NA,NA,NA,166350936.889648,3902.7466596027,66.777,866628,1589.52687664517,545.211290688642,30.418,Comorian,Muslims,98.30000305,0.129999995,1043,1,France,18001,1,NA,17.4529822675981,-11.877908568326,34,33.8,No
COD,Democratic Republic of the Congo,647.435704836002,70749355652.1207,0.40638,10.10515,1104.25304926475,287511231.499088,4347290527.34375,1616.46849175601,61.895,109276265,2339854.21739177,46.7021681042206,48.055,NA,Christians,96.26151276,1.175555229,1128415,1,Unknown,602280,19,NA,55.1615535607949,-2.86548803140688,145,13.9,No
COG,Republic of Congo,2482.24894743495,15719985776.3966,0.38339,126.96941,804.09232172301,60268853.4681269,377500213.623047,6850.27770621099,65.772,6332961,347650.698608557,18.2164483642551,69.638,NA,NA,NA,NA,NA,1,Unknown,50206,5,NA,64.2196193265007,-0.836992413922509,6,36.8,No
CRI,Costa Rica,18587.1532203614,95350423176.664,0.33789,462.47421,2372.4510746211,322179544.87163,144591003.417969,28075.1421722023,80.799,5129910,51628.7481513025,99.3615027225985,83.167,Spanish,Christians,87.85917664,10.09859562,508396,1,Spain,620818,7,NA,59.7579318448884,9.97613126505506,86,26.6,Yes
CIV,Cote d'Ivoire,2709.89511641252,86538413923.3943,0.06975,NA,NA,60360543.7115675,2376327392.57813,7227.02911717075,61.944,31934230,323018.436860642,98.8619420933462,53.644,NA,NA,NA,NA,NA,1,Unknown,132677,6,NA,8.5654927672956,7.62587836831142,7,23,No
HRV,Croatia,23931.4528382746,92526176108.621,1.40323,2534.42425,9798.844477775,1298355061.009,NA,45602.8206836116,78.4731707317073,3866300,54542.1723384422,70.8864321723205,58.945,Croatian,Christians,90.85782623,6.657827854,263248,0,Never Colonized,91842,4,NA,34.6963902787706,45.0758927694846,0,38.5,No
CUB,Cuba,NA,NA,0.36012,1968.33703,21611.9134602645,NA,167148452.758789,NA,78.085,10979783,109541.120131636,100.234350231269,77.657,Spanish,Christians,60.65393448,21.60783958,2414969,1,Spain,326586,6,NA,31.233140655106,21.6379353401667,2,16.2,Yes
CUW,Curacao,NA,NA,NA,NA,NA,NA,NA,30715.5728889069,76.8,155900,430.63850900145,362.020573500255,89.033,Papiamento,Christians,90.61946869,5.926228046,10965,NA,Unknown,15508,2,NA,0.157657657657658,12.1955184113464,9,15.7,No
CYP,Cyprus,38654.16796875,36333022329.4981,0.74527,1727.63497,2346.61548232154,270779115.51505,NA,57213.62109375,81.648,1358282,5720.92898530238,237.423328184908,67.082,Greek,Christians,67.7487793,6.57008934,85559,1,Britain,68077,1,NA,18.6699134199134,34.9170873380788,8,38.7,No
CZE,Czechia,31706.6234229743,345036675975.047,1.9642,4696.68437,51110.0895705767,6777210389.50187,NA,53217.2191709182,79.8780487804878,10882164,78657.8671774883,138.348068546593,74.738,NA,NA,NA,NA,NA,0,Never Colonized,189633,4,NA,34.7066980208929,49.7379966812804,0,22.2,No
DNK,Denmark,71851.7562131368,429457372071.869,2.89051,8735.60064,52212.6151404749,12413508285.4746,NA,73737.4475447105,81.8536585365854,5976992,42512.2429664655,140.594604822774,88.626,Danish,Christians,76.90623474,16.63090706,969836,0,Never Colonized,845481,2,NA,15.7345,55.9749821709948,0,17,No
DJI,Djibouti,3496.47111876763,4086402718.86834,NA,NA,NA,NA,222374710.083008,7264.04490470983,65.987,1168722,21752.6330779312,53.7278404785721,78.732,Somali,Muslims,97.67207336,1.101313591,12172,1,France,5055,3,NA,0.253377911993098,11.7483067155296,2,1.6,No
DMA,Dominica,10405.2787777582,688881481.481481,NA,NA,NA,NA,52636611.9384766,20285.9821663707,71.132,66205,699.382102070206,94.6621307637554,72.312,English,NA,NA,NA,NA,1,Multiple,43286,2,NA,63.8266666666667,15.4394350091859,63,22,Yes
DOM,Dominican Republic,10875.6618443092,124282245638.568,NA,20.03771,228.98207317447,NA,663396301.269531,25839.9356687607,73.72,11427557,48698.1389035675,234.661062153298,85.011,Spanish,Christians,77.63658142,19.60108948,2157747,1,Spain,184226,5,NA,44.6530791098888,18.8951155530384,3,26.4,Yes
ECU,Ecuador,6874.705739766,124676074700,0.43839,400.26149,7258.93344614222,546567443.87733,554708068.847656,15918.5162948773,77.392,18135478,256239.116841957,70.7756029739424,65.029,Spanish,Christians,88.52362061,8.391396523,1472360,1,Spain,648028,11,NA,50.0626509904977,-1.42410985165357,481,23.5,Yes
EGY,Egypt,3338.47371395895,389059911003.566,1.03356,845.3181,98511.8988298698,4021167616.16846,480069641.113281,18524.8392997937,71.633,116538258,1005831.19137677,115.862640768262,43.258,Arabic,Muslims,95.17256927,0.004652523,5086,1,Britain,176288,12,NA,0.0451855944547692,26.4598029034498,NA,13.1,Yes
SLV,El Salvador,5579.65969165029,35364960000,0.1428,57.61826,365.19565220418,50501162.88,498810394.287109,12679.5768752061,72.099,6338193,20437.3703693427,310.127618448784,75.996,Spanish,Christians,87.10838318,11.88199902,740804,1,Spain,56320,5,NA,27.9623552123552,13.7398637238293,1,8.6,Yes
GNQ,Equatorial Guinea,6745.40013244916,12765777677.0622,NA,NA,NA,NA,11663417.8161621,17411.500234384,63.707,1892516,26703.3579841963,70.8718357114501,74.874,Spanish,Christians,88.68036652,4.98730135,85605,1,Multiple,45545,4,NA,86.9896613190731,1.70540563315078,19,19.3,Yes
ERI,Eritrea,NA,NA,NA,NA,NA,NA,129190628.051758,NA,68.624,3535603,123954.936080523,28.5232933176878,43.911,Tigrigna,Muslims,51.66958237,1.061151981,34925,1,Multiple,18126,6,NA,8.68225472898591,15.3611244617467,3,0,No
EST,Estonia,31170.0915091887,42764929169.3258,1.78205,4654.85436,6386.39501395896,762092420.26197,NA,46790.2700170266,78.490243902439,1371986,45554.3404632875,30.1175691722656,70.019,Estonian,Christians,52.61386108,43.60287857,579774,0,Never Colonized,784748,1,NA,57.0385964912281,58.6729024249373,0,21.4,No
SWZ,Eswatini,3936.10969242371,4891883720.15742,0.26754,137.91577,171.40475310294,13087745.7049092,110430183.410645,11322.2286283713,64.123,1242822,17030.0853222834,72.9780254461674,25.013,NA,Christians,93.2284317,6.155977249,73424,1,Britain,16286,3,NA,28.9982558139535,-26.5575464893393,1,4.3,No
ETH,Ethiopia,NA,NA,0.27437,89.03843,11758.3943198458,NA,5401845703.125,3060.9050300376002,67.315,132059767,1134318.061809,116.422167156002,23.661,Oromo,Christians,61.57827377,0.062328301,74119,0,Never Colonized,245362,11,NA,15.0601822445542,8.61440065046903,105,17,No
FRO,Faroe Islands,NA,NA,NA,NA,NA,NA,NA,78165.1753811838,83.1439024390244,54719,1037.56561890264,52.7378693001339,43.206,Faroese,NA,NA,NA,NA,NA,Unknown,25873,1,NA,0.0583941605839416,62.0522625084493,0,2.3,No
FJI,Fiji,6288.39867264416,5840564072.77313,NA,NA,NA,NA,190190093.994141,15152.1377770174,67.316,928784,18447.7450307305,50.3467496137234,59.192,Fijian,Christians,69.51997375,0.251333505,2300,1,Britain,149596,2,NA,62.7640941434045,-17.4275460095832,54,5.4,No
FIN,Finland,53188.6186245158,299835625550.781,2.96469,8073.14567,45510.0497949634,8889196807.14145,NA,61612.9423925582,81.6853658536585,5637214,331232.397144355,17.0189089249722,85.872,Finnish,Christians,72.28497314,25.04721832,1385014,0,Never Colonized,502423,3,NA,73.7264996576714,64.2551360000276,0,13.4,No
FRA,France,46150.4876861593,3162079073495.78,2.23312,5181.84576,355042.966202346,70613020206.049,NA,58317.828030698,82.9292682926829,68516699,NA,NA,82.044,French,Christians,46.46761322,42.64575195,28105801,0,Never Colonized,2755757,NA,NA,32.1669913721124,NA,5,28.4,No
PYF,French Polynesia,NA,NA,NA,NA,NA,NA,NA,NA,84.07,281807,2620.58750099638,107.535810154346,62.42,French,Christians,93.44609833,5.035518169,14060,NA,Unknown,179860,3,NA,43.0596369922213,-14.7131078768822,45,2,No
GAB,Gabon,8218.76307061848,20867044935.6729,NA,NA,NA,NA,53148811.340332,20757.0723768613,68.337,2538952,261246.365202686,9.71861177103908,91.307,French,Christians,83.74291992,5.762040138,133826,1,France,90625,4,NA,91.2745760080723,-0.586446577901781,13,22.4,No
GMB,Gambia,908.525674150965,2507519958.34857,0.06933,50.8608,140.3751976704,1738463.58712306,343857177.734375,3254.37457760999,65.86,2759988,10336.6848059325,267.009012252745,65.08,Mandinka,Muslims,97.00270844,0.017932352,451,1,Britain,14615,3,NA,23.4123814229249,13.4509534899632,1,7.7,No
GEO,Georgia,9193.66366361489,33776141250.5716,0.25283,1768.16486,6495.972470911,85396217.9238202,365216949.462891,25071.9677264107,74.496,3673850,69460.5759120515,52.8911537481592,61.162,Georgian,Christians,88.17262268,0.988308668,37513,0,Never Colonized,78539,4,NA,40.6159159591308,42.1729419848756,0,11.1,No
DEU,Germany,55800.2194549412,4659929336890.62,3.13236,5787.44181,483314.76362282,145965762577.027,NA,68692.894466622,80.5414634146342,83510950,356962.181393857,233.949012956802,77.895,German,Christians,56.23487854,36.14769745,30229853,0,Never Colonized,2053311,5,NA,32.6826755201923,51.050577200392,0,37.6,No
GHA,Ghana,2405.79466378083,82825288888.9734,0.37655,87.47972,3011.70053704408,311878625.311429,1571978515.625,7556.41605453234,65.498,34427414,240102.209662357,143.386493812003,59.854,Akan,Christians,71.28790283,1.068349838,340673,1,Multiple,86600,5,NA,35.1286771589176,7.94769971258465,9,14.8,No
GIB,Gibraltar,NA,NA,NA,NA,NA,NA,NA,NA,83.553,39329,NA,NA,100,English,NA,NA,NA,NA,NA,Unknown,1822,NA,NA,0,NA,0,0,Yes
GRC,Greece,24752.1068401681,257144811301.673,1.48596,4926.78077,51183.3646972799,3821069038.01834,NA,41181.9912164324,81.5365853658537,10388805,130457.980265793,79.6333423132415,80.984,Greek,Christians,89.47636414,4.742371082,507404,0,Never Colonized,360648,6,NA,30.2699767261443,39.0479596036559,19,35.2,No
GRL,Greenland,NA,NA,NA,NA,NA,NA,NA,78840.5978395988,71.549756097561,56836,2159634.7862199,0.0263174127230477,88.149,Greenlandic,NA,NA,NA,NA,NA,Unknown,274373,3,NA,5.3599707637958e-4,73.0812153456909,0,41.1,No
GRD,Grenada,11871.6117006031,1391435992.59259,NA,NA,NA,NA,38494625.0915527,19010.1841441188,75.205,117207,286.714055163376,408.794050690025,37.267,Grenadian Creole English,Christians,87.4744339,5.773053169,6716,1,Multiple,14721,3,NA,52.0588235294118,12.1172424375073,22,9.5,No
GUM,Guam,NA,NA,NA,NA,NA,NA,NA,NA,77.209,167777,483.194273582474,347.224727553322,95.24,English,Christians,94.01657867,1.833122969,2973,NA,Unknown,28737,1,NA,51.8518518518518,13.4416293842567,6,4.5,Yes
GTM,Guatemala,6150.02597767851,113199586004.477,0.05863,14.52588,267.36856207092,66368917.2744249,447018524.169922,13745.3625933533,72.602,18406359,108724.463345349,169.293629360437,53.542,Spanish,Christians,91.95026398,6.020942211,1045075,1,Spain,291058,12,NA,32.812616648003,15.6901195768513,86,20.1,Yes
GIN,Guinea,1717.02318120779,25334307878.737,NA,NA,NA,NA,531753295.898438,4333.74617312626,60.74,14754785,245474.11400427,60.1072950598096,38.517,French,Muslims,86.80789185,1.319620252,176449,1,France,55826,5,NA,25.0244180367898,10.4373187488031,15,37.6,No
GNB,Guinea-Bissau,962.983627901892,2119865935.24909,NA,NA,NA,NA,188911605.834961,2907.14089122524,64.085,2201352,32127.5411478255,68.5191558815883,45.893,Crioulo,Muslims,55.97904205,11.62231159,233987,1,Portugal,14018,2,NA,70.1127311522048,12.0477507880705,1,27.1,No
GUY,Guyana,29883.6341152001,24835899825.8993,NA,NA,NA,NA,139789916.992188,54729.0365156366,70.18,831087,212422.536378843,3.91242386126962,27.316,Guyanese Creole,Christians,65.87551117,2.908345699,23484,1,Multiple,172701,8,NA,87.1750179975372,4.78964290760043,33,8.5,No
HTI,Haiti,2142.62330526788,25224154990.7946,NA,NA,NA,NA,1077659423.82813,3281.21232071515,64.936,11772557,26865.0603818259,438.210703146756,60.472,Haitian Creole,Christians,88.71865845,9.434687614,1060822,1,France,94347,5,NA,12.4887518142235,18.9345751364595,92,8.6,No
HND,Honduras,3426.43483328923,37093565854.0437,0.05997,187.83669,2033.46421844307,22245011.44267,550766601.5625,7178.33906781522,72.884,10825703,113769.909134136,95.1543609588048,60.818,Spanish,Christians,88.47241211,9.74390316,986048,1,Spain,127881,7,NA,56.6476896952364,14.8290802781538,118,23.5,Yes
HKG,"Hong Kong SAR, China",54107.034521746,407106738445.069,1.10339,5273.74369,39680.174897929,4491975041.32905,NA,71505.8515687194,85.2473170731707,7524100,1031.22789613952,7296.2533579309,100,NA,NA,NA,NA,NA,NA,Unknown,NA,1,NA,NA,22.398260914216,6,41.9,No
HUN,Hungary,23310.7512733957,222904723252.11,1.39473,4725.1504,45183.3718220256,3108919046.61415,NA,45367.5983545254,76.7707317073171,9562314,93167.1230077541,102.636141283488,73.179,Hungarian,Christians,72.36884308,26.97590637,2630004,0,Never Colonized,164911,1,NA,22.4803495507342,47.1659125111368,0,22.6,No
ISL,Iceland,82703.8579937471,33462807982.85,2.6004,6863.54747,2777.0599418367,870166858.786031,NA,76666.6420841189,82.6073170731707,404610,101387.007543915,3.99074802385055,94.094,Icelandic,Christians,74.91873932,19.84541512,72756,0,Never Colonized,94508,2,NA,0.515719527918278,64.9978841276929,0,20.8,No
IND,India,2696.66389984463,3912686168582.21,0.64558,259.26325,376174.328715981,25259519367.133,2376562011.71875,10323.4998734428,72.003,1450935791,3162896.29955248,458.736440775909,36.867,Hindi,Hindus,79.36618805,0.003259997,45725,1,Britain,NA,48,NA,24.3596944695764,22.7766430396087,743,7.5,No
IDN,Indonesia,4925.43048751861,1396300098190.97,0.28068,395.34168,112074.594901264,3919135115.60241,1155079467.77344,15415.7079259527,71.146,283487931,1876354.9601209,151.084382766112,59.204,Indonesian,Muslims,86.96417999,0.092005208,252844,1,Netherlands,1571819,38,NA,48.3619448681206,-2.26406781358278,1429,12.2,No
IRN,Iran (Islamic Republic of),4771.40029026226,436906331671.859,0.72665,2239.74005,205087.930086507,3174779859.09356,240743408.203125,17659.8738760715,77.654,91567738,1626451.93994389,56.2990739235485,77.698,NA,NA,NA,NA,NA,0,Never Colonized,305168,18,NA,6.63543913713405,32.5273359415473,46,8.6,No
IRQ,Iraq,6073.61032342708,279641257615.385,0.0407,164.28484,7564.0050675526,113813991.849462,2007466674.80469,14652.5212399212,72.324,46042015,438435.296883341,105.01438941457,71.853,Arabic,Muslims,99.49835968,7.98929e-4,336,1,Britain,89369,8,NA,1.90035242899592,33.0096664024512,1,1.5,Yes
IRL,Ireland,107316.337306921,577389475009.922,0.96264,5511.65804,29654.1367513163,5558182042.23551,NA,124900.938635241,82.8609756097561,5380257,68853.6151072866,78.1405158119376,64.76,English,Christians,81.21601868,15.6012392,777348,0,Never Colonized,95136,2,NA,11.4097837131659,53.1625330764791,0,14.4,Yes
IMN,Isle of Man,NA,NA,NA,NA,NA,NA,NA,NA,80.999,84160,558.608840952212,150.659985718342,53.708,English,NA,NA,NA,NA,NA,Unknown,2700,1,NA,6.07017543859649,54.2240959138743,0,5.8,Yes
ISR,Israel,54176.6844383302,540379921261.681,6.01924,NA,NA,32526764372.5516,NA,53401.1782301902,83.1951219512195,9974400,22101.3482691828,451.302783817396,92.946,Hebrew,Jews,77.0493927,4.374664307,384987,1,Britain,125843,7,NA,6.46950092421442,31.4329786422529,2,24.5,No
ITA,Italy,40226.0472416173,2372774547793.12,1.39014,2795.53412,164897.439899605,32984888098.6913,NA,57893.4083587152,83.7,58986023,300957.352027645,195.994623831557,72.292,Italian,Christians,80.47179413,13.27242947,7951880,0,Never Colonized,754610,9,NA,32.5308994748357,42.7156861458039,23,21.6,No
JAM,Jamaica,7019.74634780454,19930288337.028,NA,NA,NA,NA,86414985.6567383,11466.9713343644,71.479,2839175,10956.745471085,259.125760244465,57.762,Jamaican Patois,Christians,68.61232758,23.74363899,672120,1,Multiple,259102,3,NA,55.4730655586334,18.1574508726766,3,20,No
JPN,Japan,32475.8924992191,4026210821146.81,3.40537,5629.79566,697956.00560269,137107375440.087,NA,49896.6436902018,84.0412195121951,123975371,370923.239652953,334.234574021285,92.134,Japanese,Religiously_unaffiliated,57.45616913,57.45616913,72569752,0,Never Colonized,5227396,9,NA,68.4087791495199,37.4608804755929,199,29.7,No
JOR,Jordan,4618.09592498567,53352289577.4648,0.69547,576.00927,6654.56367116052,371049168.324394,2834251464.84375,10411.8416152967,77.814,11552876,89059.0009162866,129.721598952804,92.206,Arabic,Muslims,97.08689117,0.047398046,5150,1,Britain,29657,6,NA,1.09804716534901,31.2387026418374,1,4.5,Yes
KAZ,Kazakhstan,14005.3487362345,288406138230.669,0.14472,693.05803,14271.8466898951,417381363.247424,79082290.6494141,38515.1836010946,74.402,20592571,2718847.35683119,7.5740077677625,58.387,Kazakh,Muslims,77.90452576,2.534446478,493764,0,Never Colonized,130878,19,NA,1.29048383153684,48.361670914496,6,10,No
KEN,Kenya,2206.1349785176,124498691699.125,0.80874,200.85225,11334.683776524,1006870719.2475,2595822998.04688,6307.23249419302,63.646,56432944,596152.324075353,94.6619542036154,30.049,Swahili,Christians,85.67028809,1.603437185,837272,1,Britain,368519,13,NA,6.21662477880402,0.599448836506536,86,12.2,No
KIR,Kiribati,2288.63458265531,307862546.789627,NA,NA,NA,NA,98323959.3505859,3485.558083114,66.473,134518,939.730988685511,143.145220940476,58.448,Kiribati,Christians,97.57009888,0.100478217,127,1,Britain,16885,3,NA,1.45679012345679,0.892900808860091,2,22.4,No
PRK,"Korea, Dem. People's Rep.",NA,NA,NA,NA,NA,NA,14424407.0053101,NA,73.642,26498823,122770.031109061,215.841136152031,63.503,NA,NA,NA,NA,NA,0,Never Colonized,30593,4,NA,49.9044929823104,40.1400742728793,1,2.4,No
KOR,"Korea, Rep.",NA,NA,5.21081,9434.7613,488258.945295785,NA,NA,52203.9685660494,83.4292682926829,51751065,97362.4271907465,531.53014456606,81.498,NA,NA,NA,NA,NA,0,Never Colonized,2384679,3,NA,64.3135245901639,36.3733672273297,9,17,No
KWT,Kuwait,32213.8622292316,160227273001.348,0.0976,159.38516,792.75963130276,156381818.449316,NA,53025.4711387824,83.1878048780488,4973861,17368.6011863324,286.370845103749,100,Arabic,Muslims,80.23990631,0.248254478,10924,1,Britain,8835,2,NA,0.350729517396184,29.3332785751823,0,17,Yes
KGZ,Kyrgyz Republic,2419.26553574523,17478259659.2625,0.05876,NA,NA,10270225.3757826,440522277.832031,7298.08612561933,72.2487804878049,7224614,199094.948957491,36.2872791993459,38.166,NA,NA,NA,NA,NA,0,Never Colonized,35924,8,NA,6.95318039624609,41.4743103595432,5,6.7,No
LAO,Lao PDR,2123.97909411797,16502933121.0806,NA,NA,NA,NA,514838562.011719,9291.78859001138,68.964,7769819,229459.540530332,33.8613900387067,38.906,NA,NA,NA,NA,NA,1,Unknown,67595,9,NA,71.7547660311958,18.4874182025194,39,19,No
LVA,Latvia,23367.5986788961,43520773851.1219,0.76382,2270.07923,4227.88863120043,332420374.829639,NA,41810.0065349083,75.6780487804878,1862441,64405.3548647813,28.9174868131723,68.815,Latvian,Christians,77.26760101,16.97382164,322693,0,Never Colonized,43587,1,NA,54.8716053350474,56.8595216457842,0,18.2,No
LBN,Lebanon,NA,NA,NA,NA,NA,NA,1747103271.48438,12574.8329116403,77.817,5805962,10034.4652600742,578.602033045163,89.603,Arabic,Muslims,67.78356171,0.018806541,1072,1,France,47967,2,NA,14.069403714565,33.9215988682258,1,1.9,Yes
LSO,Lesotho,971.814620468788,2271541845.62002,0.05101,23.73201,55.47174601023,1158713.49545077,172315887.451172,2880.96631005119,57.375,2337423,30094.793699951,77.6686832714126,30.897,Southern Sotho,Christians,97.32347107,1.664903402,37223,1,Britain,15600,2,NA,1.13702239789196,-29.5790637000742,0,21.3,No
LBR,Liberia,846.277368387389,4750000000,NA,NA,NA,NA,562641967.773438,1794.53340863362,62.163,5612817,95879.3747436547,58.5404005293793,54.077,English,Christians,85.16896057,1.066497684,54919,0,Never Colonized,67037,4,NA,78.7705564784053,6.45195766531815,4,4.1,Yes
LBY,Libya,6318.40314031017,46636278901.9016,NA,NA,NA,NA,359675231.933594,13848.7950025506,69.339,7381023,1630146.58162673,4.52782779364199,81.907,Arabic,Muslims,98.99452209,0.049393948,3480,1,Multiple,29236,9,NA,0.123327687918433,27.0167163927208,NA,0.1,Yes
LIE,Liechtenstein,NA,NA,5.86833,18129.75165,728.76162707505,NA,NA,NA,84.8414634146342,40197,138.275214506868,290.702857654966,14.707,German,NA,NA,NA,NA,0,Never Colonized,1018,2,NA,41.875,47.136626593863,0,42.6,No
LTU,Lithuania,29386.2878350187,84869215513.3648,1.05319,4153.6584,11995.993910412,893834090.865207,NA,50914.8638146665,76.9878048780488,2888055,64663.1052309198,44.6631040944663,68.936,Lithuanian,Christians,92.15046692,7.080081463,197942,0,Never Colonized,31209,2,NA,35.1807490816164,55.3237700619849,0,17.1,No
LUX,Luxembourg,137516.587324367,93197329011.7078,0.97653,4879.24254,3306.74561648118,910099876.99803,NA,142424.729887278,83.3585365853659,677717,2617.75502915702,258.892445034568,92.266,Luxembourgish,Christians,65.88789368,25.28631973,159455,0,Never Colonized,13531,1,NA,34.4538272103664,49.7667823716718,0,55.8,No
MAC,"Macao SAR, China",73046.8890267079,50183212761.3484,0.26378,3826.96528,2629.12514736,132373278.621885,NA,116491.377161798,83.1804878048781,687000,22.7908744411478,30143.6437541709,100,NA,NA,NA,NA,NA,NA,Unknown,NA,1,NA,NA,22.2231175543113,0,NA,No
MDG,Madagascar,544.997302693127,17420814800.7045,0.01275,32.94427,1053.06214100212,2221153.88708982,1253593261.71875,1808.44779037914,63.632,31964956,595923.203375134,53.6393881274631,41.231,"Malagasy, Pleteau",Christians,74.2053833,22.29583359,6455437,1,France,482947,7,NA,21.3416925060158,-19.3164836985714,1016,7.5,No
MWI,Malawi,508.371273531708,11008925322.5134,NA,50.11331,1085.21806045666,NA,1731495849.60938,1829.5076892538,67.353,21655286,120062.219016993,180.36719775215,18.598,Nyanja,Christians,87.36235809,0.941342056,183881,1,Britain,149111,8,NA,23.3315655494272,-13.2044253711777,14,22.9,No
MYS,Malaysia,11867.2586435443,421972102253.57,0.95055,711.51035,25299.6523614156,4011055817.97131,6578659.05761719,36416.5401853099,76.657,35557673,328379.480428225,108.282262197476,79.201,Malay,Muslims,64.11719513,0.844678819,286258,1,Multiple,702741,12,NA,58.0243189773246,3.81114043306724,303,13.3,No
MDV,Maldives,13215.5353637008,6975146349.42592,NA,NA,NA,NA,200507659.912109,24735.0754339022,81.041,527799,66.5607824932679,7929.57925417091,42.407,Dhivehi,Muslims,94.07234955,0.068035409,342,1,Britain,11142,1,NA,2.73333333333333,3.72846117440526,0,2.3,No
MLI,Mali,1086.1762176779,26588067731.1692,0.17385,28.66941,701.78687627895,46223355.7506377,1292478637.69531,3168.41334714498,60.439,24478595,1261023.40349276,19.4116896896597,46.934,Bamanankan,Muslims,94.13371277,2.525307894,548341,1,France,32963,5,NA,10.896663634352,17.315139014512,3,7.5,No
MLT,Malta,42347.3073860173,24322006607.9295,0.60433,2427.56223,1394.26065655158,146985182.5337,NA,63084.7078352628,83.5073170731707,574346,274.390600549802,2093.16936822606,95.006,Maltese,Christians,88.59967804,5.24495554,27180,0,Never Colonized,20834,1,NA,1.4375,35.9214721226709,1,30.6,No
MHL,Marshall Islands,7466.65186507409,280357844.229802,NA,NA,NA,NA,126128410.339355,7532.17477322204,66.945,37548,237.946075799665,157.800459090625,79.208,Marshallese,NA,NA,NA,NA,1,Germany,54412,1,NA,52.2222222222222,7.00279122625452,0,11.9,No
MRT,Mauritania,2082.78374423714,10766731873.5407,0.01019,NA,NA,1097129.9779138,419490051.269531,6946.19393340541,68.484,5169395,1040668.63158046,4.96737851332105,58.458,Hassaniyya,Muslims,99.18540192,0.106502414,4899,1,France,21019,8,NA,0.298211603764432,20.2206937677679,3,0.6,No
MUS,Mauritius,11871.733679438,14952555414.8553,0.23401,852.67511,1073.95197512099,34990474.9263029,94860664.3676758,28923.352954675,73.4121951219512,1259509,1883.42884018807,668.731928239047,40.944,"Mauritian Creole, Morisyen",Hindus,48.28931046,0.753329694,9667,1,Multiple,54325,1,NA,19.4341512268403,-20.2776195850018,51,4.7,No
MEX,Mexico,14157.9445835849,1852722885258.11,0.26819,272.31856,35635.8809863899,4968817505.97373,451662292.480469,24854.5822142309,75.069,130861007,1966673.32027895,66.5392699695742,81.862,Spanish,Christians,89.17308044,10.63434982,13484255,1,Spain,3585092,45,NA,33.727204917822,23.9241551848632,1012,14.6,Yes
FSM,"Micronesia, Fed. Sts.",4166.00476748564,471425099.488675,NA,NA,NA,NA,125806556.70166,4233.1340493282,67.198,113160,525.251692493464,215.439572336852,23.555,NA,NA,NA,NA,NA,1,Unknown,44962,2,NA,92.0714285714286,7.53089208957801,28,0,No
MDA,Moldova,7617.51613089815,18200340853.6517,0.22342,717.41595,1714.10399393625,40663201.5352286,1051385864.25781,17746.940549966,71.198,2389275,33191.1527202911,71.9852974114797,43.599,Romanian,Christians,99.53434753,0.233855382,7177,0,Never Colonized,15055,3,NA,11.7512921860748,47.1871728367014,0,11.4,No
MCO,Monaco,NA,NA,NA,NA,NA,NA,NA,NA,86.372,38631,12.4427770204688,3104.69278171992,100,French,NA,NA,NA,NA,0,Never Colonized,1593,1,NA,0,43.7527482412042,0,10.2,No
MNG,Mongolia,6691.48209834228,23586055802.4517,0.08365,535.37392,1887.07956872896,19729735.6787508,260169830.322266,18004.8512058355,72.1224390243902,3524788,1563902.29699621,2.25384156463614,69.263,Mongolian,Buddhists,51.1350975,40.82786942,1343558,0,Never Colonized,155512,17,NA,9.09894465963877,46.9562038905525,1,19.8,No
MNE,Montenegro,12935.4522712126,8069536125.80285,0.36328,764.41883,476.86816313773,29315010.8378166,92358413.6962891,30601.4282509021,77.5878048780488,623831,13697.243754408,45.5442723503581,68.84,"Montenegrin, Serbian",Christians,76.04615784,1.143437266,6951,0,Never Colonized,13572,3,NA,61.4869888475836,42.7880033111823,1,13.9,No
MAR,Morocco,3993.38745117188,154430996472.752,0.66036,1083.42555,41258.1158021701,1019800528.30747,771669433.59375,9842.888671875,75.313,38081173,583706.192460372,65.2403100941666,65.643,Moroccan Arabic,Muslims,99.67552185,0.130789146,47848,1,Multiple,221524,8,NA,12.8903354246023,29.7668591371828,NA,2.2,No
MOZ,Mozambique,647.28579950207,22416650343.4786,0.30814,44.41136,1538.04382726176,69074666.368395,2927378417.96875,1677.6810229235,63.611,34631766,792438.646902725,43.7027726188765,39.326,Portuguese,Christians,61.33995056,14.28753757,4398231,1,Portugal,110190,13,NA,46.412173122409,-17.19585753703,36,29.5,No
MMR,Myanmar,1359.25961394135,74079772652.4286,0.02376,28.00891,1526.48814381081,17601353.982217,1140740966.79688,5953.35735165913,66.889,54500091,664254.335828119,82.0470233469463,32.47,Burmese,Buddhists,89.05110168,0.058647044,31093,1,Unknown,115180,19,NA,43.2901466284646,21.1129068888835,95,6.6,No
NAM,Namibia,4413.1274418646,13372354268.5446,0.64647,224.81068,681.20581059908,86448258.6398603,271632598.876953,11251.2370332343,67.385,3030131,826494.502387872,3.66624459236628,55.795,Kwanyama,Christians,90.53588104,5.631341934,153666,1,Multiple,121271,12,NA,7.97761420641572,-22.0696900138551,51,39.9,No
NRU,Nauru,13421.8330584638,160350639.549467,NA,NA,NA,NA,37581523.8952637,13829.9189405006,62.109,11947,27.8566792050514,428.873804808492,100,Nauruan,NA,NA,NA,NA,1,Multiple,653,0,NA,0,-0.519126378457796,1,0,No
NPL,Nepal,1447.31004458428,42914268286.7109,0.3022,NA,NA,129686918.76244,1173136840.82031,5395.20820077513,70.354,29651054,147523.424428489,200.992175411255,22.366,Nepali,Hindus,81.18401337,0.001294779,375,0,Never Colonized,206776,12,NA,41.5907220090687,28.2580425139521,18,23.6,No
NLD,Netherlands,68218.7261019406,1227543925316.41,2.25533,6319.17518,113708.735833438,27685166410.8386,NA,78305.2888358968,81.9146341463415,17994237,37216.262221588,483.504681175695,93.453,Dutch,Religiously_unaffiliated,54.11624146,54.11624146,9544336,0,Never Colonized,1882218,5,NA,11.001980991981,52.2269196009093,0,22.5,No
NCL,New Caledonia,NA,NA,NA,NA,NA,NA,NA,NA,78.766,292639,18708.0659575107,15.6423972774435,73.106,French,Christians,85.1028595,10.52397442,29907,NA,Unknown,347235,2,NA,45.8380743982495,-21.3008860680882,133,59.7,No
NZL,New Zealand,48747.0136853042,260235932558.996,1.46569,5094.76159,27198.384748215,3814252039.92395,NA,53854.1996319825,83.0048780487805,5338500,267464.32130641,19.9596715327281,87.091,English,Religiously_unaffiliated,51.35481262,51.35481262,2603635,1,Britain,669549,12,NA,37.6306509437545,-41.7023337271842,169,33.4,Yes
NIC,Nicaragua,2847.53966339498,19693982967.5926,0.10742,NA,NA,21155276.503788,581782470.703125,8319.97944140996,74.947,6916140,129534.474028318,53.3922729982138,60.155,Spanish,Christians,84.80610657,13.30416298,873454,1,Spain,98912,9,NA,27.4848761841449,12.8449927207592,14,21.3,Yes
NER,Niger,722.748650326257,19537639288.0633,NA,26.93895,728.2247952474,NA,1282570190.42969,1875.15306770628,61.183,27032412,1187697.314999,22.760354560558,17.232,Hausa,Muslims,98.13329315,1.2242167,290355,1,France,23065,6,NA,0.842567300860504,17.4120079629507,0,18.2,No
NGA,Nigeria,806.945695055244,187759703099.801,0.28444,22.12011,5146.89564810258,534063699.497074,3596401367.1875,6207.42137845067,54.462,232679478,913593.750886198,254.685934283479,55.03,Hausa,Muslims,56.06650925,0.379311502,811712,1,Britain,215500,14,NA,23.5664876972232,9.59094557009618,19,13.9,No
MKD,North Macedonia,9310.02790015256,16685236492.0675,0.39502,922.47062,1653.23247328098,65910021.190965,414461212.158203,24390.4603774085,75.3160975609756,1792179,25420.8176848104,70.5004466111597,59.868,NA,Christians,64.68531799,0.515654862,9653,0,Never Colonized,21541,4,NA,39.7101506740682,41.5951915583577,0,15.4,No
MNP,Northern Mariana Islands,NA,NA,NA,NA,NA,NA,NA,NA,78.808,44278,394.415404834979,112.262349434666,92.171,Chamorro,NA,NA,NA,NA,NA,Unknown,15436,1,NA,52.9565217391304,15.8171139961348,7,2.8,No
NOR,Norway,86809.7246897431,483727398216.364,1.55752,7394.79171,41205.7907914651,7534150972.69951,NA,100437.326744584,83.1121951219512,5572272,NA,NA,84.318,Norwegian,Christians,71.42243958,22.4515419,1207730,0,Never Colonized,1262459,NA,NA,33.4581491750625,NA,0,17.7,No
OMN,Oman,20248.4168124608,106942782834.85,0.36729,655.14938,3460.19634614644,392790147.074121,NA,41851.1879601007,80.031,5281538,312767.395813154,16.886472409532,88.998,Arabic,Muslims,81.78730011,0.140269518,6344,0,Never Colonized,36903,9,NA,0.00786203554119548,20.585775129520002,20,3.9,Yes
PAK,Pakistan,1484.74985864775,373071855731.539,0.16375,473.71632,119030.303699556,610905163.760395,3963701660.15625,6036.64192512134,67.649,251269164,875728.495388159,286.925874084555,38.365,Panjabi,Muslims,96.54430389,0.012734034,29925,1,Britain,159037,19,NA,4.7796803652968,29.8839453542285,34,12.3,No
PLW,Palau,NA,NA,NA,NA,NA,NA,28785337.4481201,17531.6926506844,69.269,17695,341.314030460898,51.8437521484403,82.839,Palauan,NA,NA,NA,NA,1,Multiple,41720,1,NA,90.195652173913,7.28668473745095,24,44.2,No
PAN,Panama,19102.8521936399,86260400000,0.15791,253.27142,1143.66659890934,136213797.64,410184387.207031,39803.3189532897,79.594,4515577,74409.6203039286,60.685392312929,69.888,Spanish,Christians,91.15790558,6.21044302,266631,1,Spain,476648,9,NA,56.6517026152602,8.52023299495937,104,31.4,Yes
PNG,Papua New Guinea,3076.48786186584,32538480023.9998,0.03158,33.15884,350.70453757768,10275651.9915791,691091125.488281,4667.83567092991,66.134,10576502,465327.91457697,22.7291371711819,13.88,Tok Pisin,Christians,99.08984375,0.310512781,30479,1,Britain,611888,16,NA,79.1022170207128,-6.46858138976355,605,3.7,No
PRY,Paraguay,6416.09709002917,44458118399.6669,0.11944,133.19638,922.93809606614,53100776.6165621,223693115.234375,17564.4912369379,73.844,6929153,401803.252371403,17.2451391548097,63.489,"Guarani, Paraguayan",Christians,93.52775574,4.247684002,280506,1,Spain,227173,7,NA,39.8261432167128,-23.2089093391522,7,14.3,No
PER,Peru,8452.37167047598,289221969059.853,0.16178,NA,NA,467903301.54503,586267578.125,17011.2278028825,77.74,34217848,1299180.74608753,26.3380196351021,79.139,Spanish,Christians,94.49199677,5.106701851,1676968,1,Spain,776100,17,NA,56.373072890625,-9.10714962725944,640,22.5,Yes
PHL,Philippines,3984.8315387656,461617509782.355,0.32222,170.21271,19718.0650070457,1487423940.0207,1842688842.77344,10985.8292627505,69.833,115843670,290958.931098502,398.144403275876,48.614,Tagalog,Christians,91.46120453,0.041135743,46105,1,Spain,968330,10,NA,24.226045544488,11.7293432309907,746,15.9,No
POL,Poland,25022.6716445953,914696430325.391,1.45383,3721.07204,136022.698148092,13298131112.9996,NA,46757.5401841254,78.5073170731707,36554707,313244.120459278,116.697184759297,60.33,Polish,Christians,91.18841553,8.645580292,3300105,0,Never Colonized,1206081,4,NA,31.0192747468148,52.111835612144,0,39.6,No
PRT,Portugal,28844.4979246799,308683317392.68,1.70179,5686.65428,60856.5041624021,5253141827.05689,NA,47426.4880861568,82.2804878048781,10701636,90961.9202458961,117.649627130456,68.423,Portuguese,Christians,85.07437134,13.78093719,1429155,0,Never Colonized,400403,6,NA,36.154994891142,39.6062103081133,9,22.9,No
PRI,Puerto Rico (US),39285.0174585856,125841500000,0.42883,332.37777,1064.70404875215,539646104.45,NA,47433.2376274594,81.69,3203295,8963.46293965216,357.3724822166,93.664,NA,NA,NA,NA,NA,NA,Unknown,NA,3,NA,56.011273957159,18.2285799360889,77,6.7,No
QAT,Qatar,76275.9076782833,217982967032.967,0.68058,947.77921,2708.58427748062,1483548477.03297,NA,128918.549293382,82.368,2857822,11099.2305698653,257.479289398587,99.387,Arabic,Muslims,75.89176178,0.273621351,7671,1,Britain,9512,2,NA,0,25.3048623561995,0,15.8,Yes
ROU,Romania,20072.4079244042,382767571329.158,0.45881,998.72545,19045.035172703,1756175894.01531,NA,45776.8376387185,76.6073170731707,19069340,236299.022669768,80.7000375395108,54.88,Romanian,Christians,98.54199982,0.939600706,182212,0,Never Colonized,137646,6,NA,30.1158292767733,45.8484139836604,2,24.5,No
RUS,Russian Federation,14889.0185546875,2173835806671.66,0.92527,2683.9498,385237.65068468,20113850568.3909,NA,44268.73046875,73.2546341463415,143533851,16913027.0709674,8.48658554129483,75.548,Russian,NA,NA,NA,NA,0,Never Colonized,961511,50,NA,49.7843605035639,66.0317219336462,27,11.4,No
RWA,Rwanda,999.654561402699,14251642231.4932,0.79445,133.11989,1897.83263081763,113222171.708098,1387333129.88281,3399.45174603143,67.785,14256567,25442.410804109,560.346545371303,18.081,Rwanda,Christians,97.03359985,1.007935405,131695,1,Multiple,60527,3,NA,11.2282124037292,-1.99032494977322,6,9.1,No
WSM,Samoa,4898.77140817676,1068025243.63929,NA,NA,NA,NA,117172477.722168,7037.08661727446,71.698,218019,2707.79999878681,80.515178409661,17.42,Samoan,Christians,97.63423157,0.064215787,136,1,Multiple,39096,1,NA,57.9820143884892,-13.7534008838267,10,8.2,No
SMR,San Marino,NA,NA,NA,NA,NA,NA,NA,NA,85.706,33977,68.4119821637373,496.652763527292,97.932,Italian,NA,NA,NA,NA,0,Never Colonized,720,1,NA,16.6666666666667,43.9418652353314,0,NA,No
STP,Sao Tome and Principe,3244.82899741459,764274042.735043,NA,NA,NA,NA,86840171.8139648,6149.98146081928,69.718,235536,988.068139195344,238.380320806431,77.014,Portuguese,Christians,84.43590546,9.693238258,21076,1,Portugal,15731,1,NA,53.4166666666667,0.443840091854791,57,29.3,No
SAU,Saudi Arabia,35057.2252306969,1237529866666.67,0.56486,1120.62603,39558.4126342884,6990311204.85335,NA,71564.800028565,78.732,35300280,1930156.69709156,18.288815645482,85.171,Arabic,Muslims,92.69380188,0.112103462,34742,0,Never Colonized,58143,14,NA,0.454484134921779,24.0865579850414,5,15.6,Yes
SEN,Senegal,1743.98888384359,32267254425.052,0.5772,572.42133,10590.9302889187,186246592.5414,1859611206.05469,4777.61451861578,68.683,18501984,197769.670812215,93.5531920744707,50.08,Wolof,Muslims,97.5564727799999,0.020703293,3476,1,Multiple,79345,4,NA,41.6982288474523,14.3648110931751,2,26.4,No
SRB,Serbia,13523.7246826854,89083506277.2344,0.95005,2515.31463,16568.8855613653,846337851.386865,578221740.722656,28748.3832904482,76.2209756097561,6587202,77663.5360393995,84.8171785103661,57.371,Serbian,Christians,91.5355072,4.008869648,276925,0,Never Colonized,18723,4,NA,32.3812581757641,44.2113198308083,0,8.1,No
SYC,Seychelles,17858.8226383978,2167239562.46013,0.2017,NA,NA,4371322.19748208,NA,31780.7838341965,74.9585365853659,121354,174.759691111725,694.404981080091,59.242,Seselwa,Christians,93.95184326,2.360452175,2839,1,Multiple,61521,1,NA,73.2608695652174,-4.66098975230178,47,61.5,No
SLE,Sierra Leone,873.388575182318,7547843281.27425,NA,NA,NA,NA,497800445.556641,3371.34754178798,61.786,8642022,72036.8265931586,119.966722698758,44.779,Krio,Muslims,80.14663696,0.012038952,953,1,Britain,69248,4,NA,34.8455250761984,8.56249232471683,0,12.7,No
SGP,Singapore,90674.066632628,547386645891.847,2.15626,7916.99926,47793.8161527236,11803079290.7075,NA,143786.136293013,82.8951219512195,6036860,486.043825268768,12420.4026183478,100,Mandarin,Buddhists,30.80149078,19.89608192,1118190,1,Britain,60035,1,NA,21.4345403899721,1.35876224004016,2,5.6,No
SXM,Sint Maarten (Dutch part),40027.9175992113,1735210227.92581,NA,NA,NA,NA,NA,49826.1146271296,76.371,43350,41.9285640881088,1033.90137351005,100,NA,NA,NA,NA,NA,NA,Unknown,NA,1,NA,10.8823529411765,18.0508225284733,0,0.7,No
SVK,Slovakia,26147.9028430133,141775733420.114,0.97939,3387.47411,18367.1183601336,1388537355.54325,NA,43949.8572125349,78.0170731707317,5422069,48447.5065970192,111.916368474855,54.172,Slovak,Christians,73.74530029,25.32966995,1381739,0,Never Colonized,195787,2,NA,40.05615640599,48.7112808109013,0,37.6,No
SVN,Slovenia,34089.3527652778,72485008929.2766,2.09525,5370.37458,11419.1563584439,1518742149.59067,NA,53952.2047300024,81.9780487804878,2126324,20239.5135250542,105.058058701255,56.438,Slovenian,Christians,65.41543579,32.26738739,678396,0,Never Colonized,156548,5,NA,61.3711140025029,46.1158904765915,0,40.4,No
SLB,Solomon Islands,2149.37957267304,1760767447.17461,NA,NA,NA,NA,243661376.953125,2800.82371820652,70.528,819198,25797.0221548759,31.7555256991227,26.488,Pijin,Christians,95.02237701,0.327515811,2438,1,Multiple,112244,2,NA,90.1121829224723,-8.92311716500907,107,2,No
SOM,"Somalia, Fed. Rep.",636.983477589273,12108515109.9996,NA,NA,NA,NA,2281094970.70313,1556.52308834052,58.816,19009151,474661.282388522,40.0478229535488,48.519,NA,NA,NA,NA,NA,1,Multiple,39400,8,NA,9.40996907578028,4.73940622189411,65,0,No
ZAF,South Africa,6253.37158194543,400260724226.067,0.61729,444.16281,28429.6120381155,2470769424.57509,1506946411.13281,15194.1991759502,66.139,64007187,1224403.19974491,52.2762330360906,69.298,Zulu,Christians,85.25711823,3.122110128,1890824,1,Multiple,1276234,19,NA,14.0250847010527,-28.9742085144411,256,9.3,No
SSD,South Sudan,NA,NA,NA,NA,NA,NA,1791723999.02344,NA,57.617,11943408,625360.445397128,19.0984384892067,21.56,English,Christians,60.50164413,0.440300107,47105,0,Never Colonized,4595,6,NA,11.3256215087114,7.30869694542136,4,15.5,Yes
ESP,Spain,35297.0094995565,1722745978335.16,1.43532,3387.49657,165334.00917902,24726917576.2402,NA,53229.922021795,83.8829268292683,48807137,507303.236608419,96.2089998208972,81.802,Spanish,Christians,69.45676422,26.35974312,12568191,0,Never Colonized,3220457,10,NA,37.1727521093233,40.2076539840155,38,28.1,Yes
LKA,Sri Lanka,4515.56787322732,98963185509.6499,0.10506,94.4866,2070.7683256,103970722.696438,827259826.660156,14455.6544414734,77.483,21916000,66196.8445338634,331.073182631669,19.416,Sinhala,Buddhists,69.59994507,0.069881201,15766,1,Multiple,240523,4,NA,34.1070158422244,7.61103818451618,293,29.9,No
KNA,St. Kitts and Nevis,22771.4168922033,1066681481.48148,NA,NA,NA,NA,NA,34367.8026558315,72.145,46843,233.460944583147,200.645979924564,31.221,NA,NA,NA,NA,NA,1,Britain,7556,3,NA,42.3076923076923,17.2645786417283,1,22.9,No
LCA,St. Lucia,14181.6303351598,2549062962.96296,NA,NA,NA,NA,35849578.8574219,25974.5092925263,72.697,179744,552.621143421295,325.257189558834,19.306,NA,Christians,91.73370361,5.901278973,10519,1,Multiple,10876,3,NA,34.0491803278688,13.8947729972689,15,18.7,No
MAF,St. Martin (French part),NA,NA,NA,NA,NA,NA,NA,NA,80.224,26129,49.1181159909229,531.962585959703,NA,NA,NA,NA,NA,NA,NA,Unknown,NA,1,NA,24.8,18.0888907769359,0,12.8,No
VCT,St. Vincent and the Grenadines,11501.2265187188,1157207407.40741,NA,NA,NA,NA,21283740.9973145,19819.869034679,71.23,100616,311.787988338069,322.706466455991,54.725,NA,Christians,86.31412506,7.863911629,8141,1,Unknown,17263,4,NA,73.1794871794872,13.2246770305567,11,22.4,No
SDN,Sudan,989.312866210938,49909807029.6996,NA,NA,NA,NA,1390063232.42188,2420.65795898438,66.331,50448963,1867226.68709158,27.0181244456076,36.752,Sudanese Arabic,Muslims,98.85551453,0.563212574,263523,1,Britain,86699,10,NA,9.73608137044968,15.9679661095596,13,2.3,No
SUR,Suriname,7430.70219176443,4714267822.2233,NA,NA,NA,NA,43524604.7973633,21135.5456365134,73.631,634431,145900.343571519,4.3483859219907,66.533,Dutch,Christians,52.78678131,8.109276772,49654,1,Netherlands,201348,7,NA,94.6001457500987,4.12984828785449,6,14.5,No
SWE,Sweden,57723.2345031532,610117791237.089,3.40822,8623.7461,91150.4867668849,20794156584.500702,NA,67258.8461000938,83.309756097561,10569709,443967.503900134,23.8073933500717,88.976,Swedish,Christians,60.7713089,28.90637589,2992876,0,Never Colonized,2538197,4,NA,68.6996660773915,62.3836560742429,0,15.4,No
CHE,Switzerland,103669.872008144,936564198048.516,3.30645,6021.39855,54397.9286833521,30967026926.3752,NA,90505.997877357,84.0560975609756,9034102,41299.2481749183,218.74737190704,74.327,German,Christians,61.58049774,30.76514435,2658287,0,Never Colonized,625552,3,NA,32.2086033202538,46.7988964271967,0,12.1,No
SYR,Syrian Arab Republic,NA,NA,0.07306,139.93785,3452.652987966,NA,9206277343.75,4650.06687798544,72.12,24672760,186389.082541258,132.372345330572,58.044,NA,NA,NA,NA,NA,1,France,66087,4,NA,2.84310842454937,35.0167773258703,1,0.7,No
TJK,Tajikistan,1341.20229027672,14204575548.5536,0.08969,NA,NA,12740083.8094977,530799865.722656,4963.58295264504,71.79,10590927,142612.882549112,74.2634663201115,28.523,Tajiki,Muslims,98.91412354,0.074550293,7268,0,Never Colonized,47077,8,NA,3.0607392463434002,38.5365490307173,2,22.3,No
TZA,Tanzania,1185.74548339844,78779864877.3018,0.51456,19.31703,1324.37860957371,405369672.712644,3056842041.01563,4018.5166015625,66.995,68560157,947902.771181531,72.3282588514241,38.136,Swahili,Christians,64.69165802,3.478159189,2120731,1,Multiple,513154,18,NA,51.1131180853466,-6.26824779010462,251,39.9,No
THA,Thailand,7345.13569000377,526411265427.683,1.15902,1863.07585,133522.940511634,6101211848.55993,84968795.7763672,23519.2120979823,76.412,71668011,516871.545423363,138.657296255876,54.32,Thai,Buddhists,94.39245605,0.012629814,9048,0,Never Colonized,498126,15,NA,38.8283192076572,15.0825849519536,104,18.5,No
TLS,Timor-Leste,1343.14886031844,1881265333.4187,NA,NA,NA,NA,259935394.287109,4806.14014290568,67.689,1400638,15054.3760851251,93.0385950291184,32.842,Tetun,Christians,99.5353241,0.063858345,847,1,Portugal,3950,1,NA,61.8493611297915,-8.82932165792304,1,16,No
TGO,Togo,1043.14092889765,9925732119.72034,0.19074,41.39064,393.84170779104,18932341.4451546,615510925.292969,3071.51216831953,62.739,9515236,57267.3949333293,166.154510975706,45.064,Ewe,Christians,56.8842392,8.012784004,694686,1,Multiple,39419,3,NA,22.1788931788932,8.52077978482272,2,28,No
TON,Tonga,NA,NA,NA,NA,NA,NA,129549209.594727,7852.76498057614,72.895,104175,432.625112931241,240.797394525169,23.21,Tongan,Christians,97.76400757,0.581340015,614,1,Britain,28952,1,NA,12.4305555555556,-20.4205127569074,5,12.6,No
TTO,Trinidad and Tobago,19314.7163432664,26428963758.1307,0.0478,492.71552,674.19890562816,12633044.6763865,NA,34620.3860516966,73.49,1368333,5113.75068082187,267.579138171844,53.562,Trinidadian Creole,Christians,70.0174942,2.448547363,36264,1,Unknown,115508,3,NA,44.3996101364522,10.4571725744873,20,30.6,No
TUN,Tunisia,4350.3717971875,53409988744.5968,0.74658,1703.91532,20919.1541104099,398748293.969411,1225880737.30469,14009.5192313256,76.508,12277109,157008.576133803,78.1938751520007,70.88,Tunisian Arabic,Muslims,99.30379486,0.441310823,52843,1,France,86316,6,NA,4.53308444902163,34.0889554864525,NA,7.9,No
TUR,Turkiye,15473.2872636856,1323254808058.74,1.32343,2478.67633,211973.080793994,17512351106.2918,1550410644.53125,42326.1644386964,77.156,85518661,781555.470777113,109.421102145145,77.893,NA,NA,NA,NA,NA,0,Never Colonized,506012,14,NA,29.0741785013578,39.137013310438,39,7,No
TKM,Turkmenistan,8571.60702949432,64239891739.3311,0.14,NA,NA,89935848.4350636,36352214.8132324,19828.9248461199,70.073,7494498,471682.073463362,15.8888760494353,54.524,Turkmen,Muslims,94.28793335,0.071888015,4996,0,Never Colonized,31439,8,NA,8.78215904496414,39.1254707099273,1,3.2,No
TCA,Turks and Caicos Islands,37506.7798431288,1745378000,NA,NA,NA,NA,NA,35336.7403511449,78.008,46535,330.967578550697,140.602895920428,94.433,Turks and Caicos Islands Creole,NA,NA,NA,NA,NA,Unknown,6321,2,NA,11.0736842105263,21.830621867995202,8,44.4,No
TUV,Tuvalu,NA,NA,NA,NA,NA,NA,68341110.2294922,6151.01047041608,67.105,9646,10.2737566007137,938.897072890544,66.928,Tuvaluan,NA,NA,NA,NA,1,Britain,2657,0,NA,33.3333333333333,-8.50345059320317,1,13.2,No
UGA,Uganda,1072.71369837695,53651874313.9836,0.3109,12.44448,622.41181209216,166803677.242175,2256590576.17188,3097.63702430619,68.252,50015092,243097.438324,205.740925716131,27.389,Swahili,Christians,87.74430084,0.094881155,42181,1,Britain,179877,8,NA,11.4534375623379,1.27423154739338,7,16.1,No
UKR,Ukraine,5389.47314453125,190741263731.535,0.32653,586.07925,22189.0899285143,622827448.462581,38935210937.5,17665.34375,73.422,37860221,571431.815599071,66.255010600536,70.284,Ukrainian,Christians,83.42977142,15.14456844,6766595,0,Never Colonized,202181,5,NA,16.7345529858474,49.1956082317395,3,13,No
ARE,United Arab Emirates,49377.5643384379,537078829135.466,1.49469,2606.78477,28353.9484143794,8027663551.2049,NA,76110.3848420758,82.909,10876981,71434.7356268405,152.264593751966,88.008,Arabic,Muslims,72.94023132,0.335835189,31731,1,Britain,13039,6,NA,4.46775556181357,23.905320327121,1,19.4,Yes
GBR,United Kingdom,52636.7865943853,3643834188782.91,2.89711,4472.69458,309626.75499508,105565884666.649,NA,57915.4940036535,81.2380975609756,69226000,240147.733803169,288.264223458129,84.884,English,Christians,49.37041092,40.21815872,27087679,0,Never Colonized,1673416,4,NA,13.2214553796553,54.0116497461288,1,27.8,Yes
USA,United States,85809.9003846356,29184890000000,3.58623,4825.1804,1641096.87312224,1046637280647,NA,82304.6204272866,78.3853658536585,340110988,9460566.77246044,35.9503818513345,83.515,English,Christians,64.01000214,29.72999954,100914368,1,Britain,39330129,92,NA,33.8669264120375,44.7437315908213,529,12.9,Yes
URY,Uruguay,23906.5133029408,80961511073.5797,0.62592,902.41575,3056.110349961,506754290.11175,NA,34470.9322201143,78.138,3386588,177959.9299811,19.0300591844448,95.852,Spanish,Religiously_unaffiliated,52.4098053,52.4098053,1781393,1,Multiple,86468,4,NA,11.7243743572163,-32.791340912445,4,3.7,Yes
UZB,Uzbekistan,3161.70010632875,114965293466.611,0.12527,542.07268,19710.7703579121,144017023.125624,1200078857.42188,11106.9715934767,72.388,36361859,448373.148071346,81.0973162786591,50.626,Uzbek,Muslims,95.62223053,0.551984191,185391,0,Never Colonized,50764,8,NA,8.43180461723851,41.7754007525036,1,9.5,No
VUT,Vanuatu,3542.81071592874,1161251868.03498,NA,NA,NA,NA,150053588.867188,3460.93371368124,71.477,327777,11317.0886449824,28.9630142771148,26.147,Bislama,Christians,83.50376129,1.366455793,4084,1,Multiple,44126,1,NA,36.2838392124692,-16.2169690328556,22,4.2,No
VEN,Venezuela,NA,NA,0.69,179.95961,5111.85044011823,NA,405295074.462891,NA,72.514,28405543,916363.285632472,30.9981242650883,88.505,Spanish,Christians,88.11541748,9.727750778,2766969,1,Spain,560650,25,NA,52.3477807380534,7.12227407747028,385,56.9,Yes
VNM,Vietnam,4717.29028732449,476388230307.175,0.42494,767.88667,77547.0979135456,2024364145.86731,831187988.28125,15033.8768594355,74.588,100987686,329674.5733666,306.325371012768,40.195,Vietnamese,Religiously_unaffiliated,67.67364502,67.67364502,66373764,1,France,260166,14,NA,46.9611618580284,16.5442975147679,214,7.6,No
VIR,Virgin Islands (U.S.),NA,NA,NA,NA,NA,NA,NA,NA,80.519512195122,104377,316.52373821965,329.76041729789,96.314,NA,NA,NA,NA,NA,NA,Unknown,46766,3,NA,57.3142857142857,17.9545678607673,8,14.4,No
PSE,West Bank and Gaza,2592.30591217647,13711100000,0.45434,584.35347,3090.73432455744,62295011.74,3623873046.875,5950.02006184393,65.17,5289152,6347.4923594308,833.266383084594,77.877,NA,NA,NA,NA,NA,NA,Unknown,16191,4,NA,1.68298755186722,31.9152202984207,0,10,No
YEM,Yemen,NA,NA,NA,NA,NA,NA,4146491699.21875,NA,69.295,40583164,455155.849792642,89.1632262190823,40.477,Arabic,Muslims,99.86302185,0.061554585,22243,1,Britain,57568,12,NA,1.03983180862549,15.91728068186,59,0.8,Yes
ZMB,Zambia,1235.08466482514,26325775287.0226,NA,NA,NA,NA,1421932006.83594,4076.99508686641,66.349,21314956,757286.698218899,28.1464814450481,46.914,Bemba,Christians,98.28038025,0.059753649,11389,1,Britain,172193,9,NA,60.0301501230848,-13.4555254933089,14,41.3,No
ZWE,Zimbabwe,2656.40937654332,44187704410.1191,NA,95.1253,1582.3497219369,NA,791534362.792969,3820.35992188998,62.775,16634373,391057.021039387,42.5369501250422,32.67,Shona,Christians,87.20018768,10.53988743,1636517,1,Britain,220641,8,NA,44.9748222825385,-18.9970468090672,9,28.3,No
